[{"featureShape":[2048],"annotation":"cat"},{"annotation":"cat","featureShape":[2048]},{"featureShape":[2048],"annotation":"cat"},{"featureShape":[2048],"annotation":"cat"},{"annotation":"cat","featureShape":[2048]},{"featureShape":[2048],"annotation":"cat"},{"featureShape":[2048],"annotation":"cat"},{"featureShape":[2048],"annotation":"cat"},{"annotation":"cat","featureShape":[2048]},{"annotation":"cat","featureShape":[2048]},{"annotation":"cat","featureShape":[2048]},{"featureShape":[2048],"annotation":"cat"},{"annotation":"cat","featureShape":[2048]},{"featureShape":[2048],"annotation":"cat"},{"featureShape":[2048],"annotation":"cat"},{"annotation":"cat","featureShape":[2048]},{"featureShape":[2048],"annotation":"snake"},{"annotation":"snake","featureShape":[2048]},{"featureShape":[2048],"annotation":"snake"},{"annotation":"snake","featureShape":[2048]},{"annotation":"snake","featureShape":[2048]},{"featureShape":[2048],"annotation":"snake"},{"featureShape":[2048],"annotation":"snake"},{"featureShape":[2048],"annotation":"snake"},{"featureShape":[2048],"annotation":"snake"},{"annotation":"snake","featureShape":[2048]},{"annotation":"snake","featureShape":[2048]},{"featureShape":[2048],"annotation":"snake"},{"annotation":"snake","featureShape":[2048]},{"featureShape":[2048],"annotation":"snake"},{"annotation":"snake","featureShape":[2048]},{"annotation":"snake","featureShape":[2048]},{"annotation":"dog","featureShape":[2048]},{"featureShape":[2048],"annotation":"dog"},{"annotation":"dog","featureShape":[2048]},{"annotation":"dog","featureShape":[2048]},{"annotation":"dog","featureShape":[2048]},{"featureShape":[2048],"annotation":"dog"},{"featureShape":[2048],"annotation":"dog"},{"featureShape":[2048],"annotation":"dog"},{"featureShape":[2048],"annotation":"dog"},{"annotation":"dog","featureShape":[2048]},{"annotation":"dog","featureShape":[2048]},{"annotation":"dog","featureShape":[2048]},{"annotation":"dog","featureShape":[2048]},{"featureShape":[2048],"annotation":"dog"},{"annotation":"dog","featureShape":[2048]},{"featureShape":[2048],"annotation":"dog"},{"featureShape":[2048],"annotation":"hamster"},{"featureShape":[2048],"annotation":"hamster"},{"annotation":"hamster","featureShape":[2048]},{"featureShape":[2048],"annotation":"hamster"},{"annotation":"hamster","featureShape":[2048]},{"featureShape":[2048],"annotation":"hamster"},{"featureShape":[2048],"annotation":"hamster"},{"annotation":"hamster","featureShape":[2048]},{"featureShape":[2048],"annotation":"hamster"},{"annotation":"hamster","featureShape":[2048]},{"featureShape":[2048],"annotation":"hamster"},{"annotation":"hamster","featureShape":[2048]},{"featureShape":[2048],"annotation":"hamster"},{"featureShape":[2048],"annotation":"hamster"},{"featureShape":[2048],"annotation":"hamster"},{"featureShape":[2048],"annotation":"hamster"}]