{"title":"Training","version":"1.0","preferredFilename":"Training","modifiedDate":"2024-10-13T16:16:38Z","dataURL":"file:\/\/\/Users\/kosobuma\/Projects\/AIBootcampHomeworks\/03-PetBreeds\/PetBreedData\/Training\/","createdDate":"2024-10-13T14:24:55Z","experimentIDs":["A9334C66-C32B-4022-BEC7-370CB222130F","FFBF250D-755A-4523-BBD5-4892F3FF7E3C"],"dataResult":{"createdDate":"2024-10-13T14:24:55Z","dataSourceID":"F60DCFD2-E24B-4662-AE17-200EDF29CFC8","classesCount":4,"itemsCount":64,"dataAnalysis":{"classifierAnalysis":{"labelStats":{"dog":16,"cat":16,"hamster":16,"snake":16},"details":["file:\/\/\/Users\/kosobuma\/Projects\/PetBreedData\/Training\/snake\/snake11.jpg",["snake"],"file:\/\/\/Users\/kosobuma\/Projects\/PetBreedData\/Training\/hamster\/hamster16.jpg",["hamster"],"file:\/\/\/Users\/kosobuma\/Projects\/PetBreedData\/Training\/snake\/snake07.jpg",["snake"],"file:\/\/\/Users\/kosobuma\/Projects\/PetBreedData\/Training\/hamster\/hamster07.jpg",["hamster"],"file:\/\/\/Users\/kosobuma\/Projects\/PetBreedData\/Training\/cat\/cat13-lego.jpg",["cat"],"file:\/\/\/Users\/kosobuma\/Projects\/PetBreedData\/Training\/hamster\/hamster12.jpg",["hamster"],"file:\/\/\/Users\/kosobuma\/Projects\/PetBreedData\/Training\/snake\/snake01.jpg",["snake"],"file:\/\/\/Users\/kosobuma\/Projects\/PetBreedData\/Training\/snake\/snake02.jpg",["snake"],"file:\/\/\/Users\/kosobuma\/Projects\/PetBreedData\/Training\/hamster\/hamster15.jpg",["hamster"],"file:\/\/\/Users\/kosobuma\/Projects\/PetBreedData\/Training\/hamster\/hamster10.jpg",["hamster"],"file:\/\/\/Users\/kosobuma\/Projects\/PetBreedData\/Training\/cat\/cat21.jpg",["cat"],"file:\/\/\/Users\/kosobuma\/Projects\/PetBreedData\/Training\/snake\/snake03.jpg",["snake"],"file:\/\/\/Users\/kosobuma\/Projects\/PetBreedData\/Training\/dog\/dog22.jpg",["dog"],"file:\/\/\/Users\/kosobuma\/Projects\/PetBreedData\/Training\/dog\/dog05.jpg",["dog"],"file:\/\/\/Users\/kosobuma\/Projects\/PetBreedData\/Training\/snake\/snake16.jpg",["snake"],"file:\/\/\/Users\/kosobuma\/Projects\/PetBreedData\/Training\/cat\/cat02.jpg",["cat"],"file:\/\/\/Users\/kosobuma\/Projects\/PetBreedData\/Training\/cat\/cat04.jpg",["cat"],"file:\/\/\/Users\/kosobuma\/Projects\/PetBreedData\/Training\/cat\/cat11.jpg",["cat"],"file:\/\/\/Users\/kosobuma\/Projects\/PetBreedData\/Training\/snake\/snake10.jpg",["snake"],"file:\/\/\/Users\/kosobuma\/Projects\/PetBreedData\/Training\/cat\/cat23.jpg",["cat"],"file:\/\/\/Users\/kosobuma\/Projects\/PetBreedData\/Training\/snake\/snake12.jpg",["snake"],"file:\/\/\/Users\/kosobuma\/Projects\/PetBreedData\/Training\/snake\/snake25.jpg",["snake"],"file:\/\/\/Users\/kosobuma\/Projects\/PetBreedData\/Training\/dog\/dog21.jpg",["dog"],"file:\/\/\/Users\/kosobuma\/Projects\/PetBreedData\/Training\/hamster\/hamster05.jpg",["hamster"],"file:\/\/\/Users\/kosobuma\/Projects\/PetBreedData\/Training\/dog\/dog01.jpg",["dog"],"file:\/\/\/Users\/kosobuma\/Projects\/PetBreedData\/Training\/hamster\/hamster14.jpg",["hamster"],"file:\/\/\/Users\/kosobuma\/Projects\/PetBreedData\/Training\/snake\/snake08.jpg",["snake"],"file:\/\/\/Users\/kosobuma\/Projects\/PetBreedData\/Training\/hamster\/hamster03.jpg",["hamster"],"file:\/\/\/Users\/kosobuma\/Projects\/PetBreedData\/Training\/hamster\/hamster11.jpg",["hamster"],"file:\/\/\/Users\/kosobuma\/Projects\/PetBreedData\/Training\/dog\/dog18.jpg",["dog"],"file:\/\/\/Users\/kosobuma\/Projects\/PetBreedData\/Training\/snake\/snake24.jpg",["snake"],"file:\/\/\/Users\/kosobuma\/Projects\/PetBreedData\/Training\/dog\/dog03.jpg",["dog"],"file:\/\/\/Users\/kosobuma\/Projects\/PetBreedData\/Training\/dog\/dog10.png",["dog"],"file:\/\/\/Users\/kosobuma\/Projects\/PetBreedData\/Training\/dog\/dog19.jpg",["dog"],"file:\/\/\/Users\/kosobuma\/Projects\/PetBreedData\/Training\/hamster\/hamster08.png",["hamster"],"file:\/\/\/Users\/kosobuma\/Projects\/PetBreedData\/Training\/cat\/cat17.jpg",["cat"],"file:\/\/\/Users\/kosobuma\/Projects\/PetBreedData\/Training\/cat\/cat10.jpg",["cat"],"file:\/\/\/Users\/kosobuma\/Projects\/PetBreedData\/Training\/cat\/cat20.jpg",["cat"],"file:\/\/\/Users\/kosobuma\/Projects\/PetBreedData\/Training\/hamster\/hamster06.jpg",["hamster"],"file:\/\/\/Users\/kosobuma\/Projects\/PetBreedData\/Training\/dog\/dog20.jpg",["dog"],"file:\/\/\/Users\/kosobuma\/Projects\/PetBreedData\/Training\/snake\/snake06.jpg",["snake"],"file:\/\/\/Users\/kosobuma\/Projects\/PetBreedData\/Training\/cat\/cat12.jpg",["cat"],"file:\/\/\/Users\/kosobuma\/Projects\/PetBreedData\/Training\/hamster\/hamster02.jpg",["hamster"],"file:\/\/\/Users\/kosobuma\/Projects\/PetBreedData\/Training\/dog\/dog04.jpg",["dog"],"file:\/\/\/Users\/kosobuma\/Projects\/PetBreedData\/Training\/hamster\/hamster09.png",["hamster"],"file:\/\/\/Users\/kosobuma\/Projects\/PetBreedData\/Training\/cat\/cat18.jpg",["cat"],"file:\/\/\/Users\/kosobuma\/Projects\/PetBreedData\/Training\/cat\/cat01.jpg",["cat"],"file:\/\/\/Users\/kosobuma\/Projects\/PetBreedData\/Training\/hamster\/hamster01.jpg",["hamster"],"file:\/\/\/Users\/kosobuma\/Projects\/PetBreedData\/Training\/dog\/dog06.jpg",["dog"],"file:\/\/\/Users\/kosobuma\/Projects\/PetBreedData\/Training\/dog\/dog02.jpg",["dog"],"file:\/\/\/Users\/kosobuma\/Projects\/PetBreedData\/Training\/cat\/cat22.jpg",["cat"],"file:\/\/\/Users\/kosobuma\/Projects\/PetBreedData\/Training\/cat\/cat24.jpg",["cat"],"file:\/\/\/Users\/kosobuma\/Projects\/PetBreedData\/Training\/dog\/dog25.jpg",["dog"],"file:\/\/\/Users\/kosobuma\/Projects\/PetBreedData\/Training\/dog\/dog07.jpg",["dog"],"file:\/\/\/Users\/kosobuma\/Projects\/PetBreedData\/Training\/cat\/cat15.jpg",["cat"],"file:\/\/\/Users\/kosobuma\/Projects\/PetBreedData\/Training\/hamster\/hamster13.jpg",["hamster"],"file:\/\/\/Users\/kosobuma\/Projects\/PetBreedData\/Training\/hamster\/hamster04.jpg",["hamster"],"file:\/\/\/Users\/kosobuma\/Projects\/PetBreedData\/Training\/snake\/snake04.jpg",["snake"],"file:\/\/\/Users\/kosobuma\/Projects\/PetBreedData\/Training\/dog\/dog08.jpg",["dog"],"file:\/\/\/Users\/kosobuma\/Projects\/PetBreedData\/Training\/dog\/dog09.jpg",["dog"],"file:\/\/\/Users\/kosobuma\/Projects\/PetBreedData\/Training\/snake\/snake17.jpg",["snake"],"file:\/\/\/Users\/kosobuma\/Projects\/PetBreedData\/Training\/cat\/cat06.jpg",["cat"],"file:\/\/\/Users\/kosobuma\/Projects\/PetBreedData\/Training\/snake\/snake05.png",["snake"],"file:\/\/\/Users\/kosobuma\/Projects\/PetBreedData\/Training\/snake\/snake13.jpg",["snake"]]},"summary":{"classCount":4,"sampleCount":64,"canUseValidation":1},"issues":[{"description":"4 classes found, including cat, snake, dog","severity":"debug"},{"severity":"good","description":"64 images found, automatically creating validation set"},{"description":"Smallest class is \"hamster\" with 16 images","severity":"debug"},{"severity":"debug","description":"Largest class is \"cat\" with 16 images"}],"objectDetectorAnalysis":{"details":{}}},"dataURL":"file:\/\/\/Users\/kosobuma\/Projects\/AIBootcampHomeworks\/03-PetBreeds\/PetBreedData\/Training\/"},"pathType":0,"id":"F60DCFD2-E24B-4662-AE17-200EDF29CFC8","activityEntities":["dataSourceTrainingStarted",[{"title":"Used By","id":"91E91435-5C34-4997-92FE-6C0C3537892F","event":"dataSourceTrainingStarted","subtitle":"PetBreeds 1","createdDate":"2024-10-13T14:25:31Z"},{"createdDate":"2024-10-13T14:27:10Z","subtitle":"PetBreeds 2","id":"19A4E6E7-4745-437F-8638-0457E230B94C","event":"dataSourceTrainingStarted","title":"Used By"}],"dataSourceCreated",[{"title":"Data Source Created","event":"dataSourceCreated","subtitle":"Training","createdDate":"2024-10-13T14:24:55Z","id":"2ABEB400-59B7-4870-B67A-8A9503D97DA7"}],"dataSourceMetrics",[{"id":"AC8F4658-63D6-46F8-9C85-5828FA8B2957","title":"Data Summary","event":"dataSourceMetrics","subtitle":"4 Classes, 64 Items","createdDate":"2024-10-13T14:25:31Z"},{"title":"Data Summary","event":"dataSourceMetrics","subtitle":"4 Classes, 64 Items","id":"7FC25027-BAD3-4F15-897A-0DD255D013F9","createdDate":"2024-10-13T14:27:10Z"}]],"dataPathRelativeToProjectURL":"..\/Training\/"}