[{"featureShape":[768],"annotation":"hamster"},{"featureShape":[768],"annotation":"hamster"},{"annotation":"hamster","featureShape":[768]},{"featureShape":[768],"annotation":"hamster"},{"annotation":"hamster","featureShape":[768]},{"annotation":"hamster","featureShape":[768]},{"featureShape":[768],"annotation":"hamster"},{"featureShape":[768],"annotation":"hamster"},{"featureShape":[768],"annotation":"hamster"},{"annotation":"hamster","featureShape":[768]},{"featureShape":[768],"annotation":"hamster"},{"annotation":"hamster","featureShape":[768]},{"featureShape":[768],"annotation":"hamster"},{"annotation":"hamster","featureShape":[768]},{"featureShape":[768],"annotation":"hamster"},{"featureShape":[768],"annotation":"hamster"},{"featureShape":[768],"annotation":"hamster"},{"featureShape":[768],"annotation":"hamster"},{"featureShape":[768],"annotation":"hamster"},{"featureShape":[768],"annotation":"hamster"},{"featureShape":[768],"annotation":"hamster"},{"annotation":"hamster","featureShape":[768]},{"featureShape":[768],"annotation":"hamster"},{"featureShape":[768],"annotation":"hamster"},{"annotation":"hamster","featureShape":[768]},{"annotation":"hamster","featureShape":[768]},{"featureShape":[768],"annotation":"hamster"},{"annotation":"hamster","featureShape":[768]},{"annotation":"hamster","featureShape":[768]},{"featureShape":[768],"annotation":"hamster"},{"featureShape":[768],"annotation":"hamster"},{"featureShape":[768],"annotation":"snake"},{"featureShape":[768],"annotation":"snake"},{"featureShape":[768],"annotation":"snake"},{"featureShape":[768],"annotation":"snake"},{"featureShape":[768],"annotation":"hamster"},{"featureShape":[768],"annotation":"snake"},{"featureShape":[768],"annotation":"snake"},{"featureShape":[768],"annotation":"snake"},{"annotation":"snake","featureShape":[768]},{"annotation":"snake","featureShape":[768]},{"annotation":"snake","featureShape":[768]},{"annotation":"snake","featureShape":[768]},{"featureShape":[768],"annotation":"snake"},{"featureShape":[768],"annotation":"snake"},{"annotation":"snake","featureShape":[768]},{"featureShape":[768],"annotation":"snake"},{"featureShape":[768],"annotation":"snake"},{"annotation":"snake","featureShape":[768]},{"featureShape":[768],"annotation":"snake"},{"annotation":"snake","featureShape":[768]},{"annotation":"snake","featureShape":[768]},{"annotation":"snake","featureShape":[768]},{"featureShape":[768],"annotation":"snake"},{"featureShape":[768],"annotation":"snake"},{"featureShape":[768],"annotation":"snake"},{"featureShape":[768],"annotation":"snake"},{"annotation":"snake","featureShape":[768]},{"annotation":"snake","featureShape":[768]},{"annotation":"snake","featureShape":[768]},{"featureShape":[768],"annotation":"snake"},{"annotation":"snake","featureShape":[768]},{"annotation":"dog","featureShape":[768]},{"annotation":"dog","featureShape":[768]},{"featureShape":[768],"annotation":"dog"},{"annotation":"snake","featureShape":[768]},{"annotation":"dog","featureShape":[768]},{"annotation":"snake","featureShape":[768]},{"featureShape":[768],"annotation":"dog"},{"featureShape":[768],"annotation":"dog"},{"featureShape":[768],"annotation":"dog"},{"annotation":"dog","featureShape":[768]},{"annotation":"dog","featureShape":[768]},{"annotation":"dog","featureShape":[768]},{"featureShape":[768],"annotation":"dog"},{"featureShape":[768],"annotation":"dog"},{"featureShape":[768],"annotation":"dog"},{"annotation":"dog","featureShape":[768]},{"featureShape":[768],"annotation":"dog"},{"annotation":"dog","featureShape":[768]},{"annotation":"dog","featureShape":[768]},{"featureShape":[768],"annotation":"dog"},{"annotation":"dog","featureShape":[768]},{"featureShape":[768],"annotation":"dog"},{"annotation":"dog","featureShape":[768]},{"featureShape":[768],"annotation":"dog"},{"annotation":"dog","featureShape":[768]},{"annotation":"dog","featureShape":[768]},{"annotation":"dog","featureShape":[768]},{"featureShape":[768],"annotation":"dog"},{"annotation":"dog","featureShape":[768]},{"annotation":"dog","featureShape":[768]},{"annotation":"dog","featureShape":[768]},{"featureShape":[768],"annotation":"cat"},{"featureShape":[768],"annotation":"cat"},{"featureShape":[768],"annotation":"cat"},{"featureShape":[768],"annotation":"dog"},{"featureShape":[768],"annotation":"dog"},{"featureShape":[768],"annotation":"dog"},{"annotation":"cat","featureShape":[768]},{"annotation":"cat","featureShape":[768]},{"annotation":"cat","featureShape":[768]},{"annotation":"cat","featureShape":[768]},{"featureShape":[768],"annotation":"cat"},{"annotation":"cat","featureShape":[768]},{"featureShape":[768],"annotation":"cat"},{"featureShape":[768],"annotation":"cat"},{"featureShape":[768],"annotation":"cat"},{"featureShape":[768],"annotation":"cat"},{"featureShape":[768],"annotation":"cat"},{"annotation":"cat","featureShape":[768]},{"featureShape":[768],"annotation":"cat"},{"annotation":"cat","featureShape":[768]},{"featureShape":[768],"annotation":"cat"},{"annotation":"cat","featureShape":[768]},{"annotation":"cat","featureShape":[768]},{"featureShape":[768],"annotation":"cat"},{"featureShape":[768],"annotation":"cat"},{"featureShape":[768],"annotation":"cat"},{"featureShape":[768],"annotation":"cat"},{"annotation":"cat","featureShape":[768]},{"featureShape":[768],"annotation":"cat"},{"featureShape":[768],"annotation":"cat"},{"annotation":"cat","featureShape":[768]},{"featureShape":[768],"annotation":"cat"},{"annotation":"cat","featureShape":[768]},{"annotation":"cat","featureShape":[768]},{"annotation":"cat","featureShape":[768]}]