{"version":"1.0","state":"trained","title":"PetBreeds 1","createdDate":"2024-10-13T14:24:32Z","validationEntity":{"analysedDataType":"auto","dataResult":{"createdDate":"2024-10-13T14:24:55Z"}},"evaluationContainerEntity":{"previewType":"imageClassifier","validationEvaluationEntity":{"createdDate":"2024-10-13T14:24:32Z","id":"0630b0e9-8f1a-4411-9afd-97fa8798f9da","dataResult":{"createdDate":"2024-10-13T14:24:55Z"},"evaluationResult":{"imageClassifier":{"statsByLabel":{"hamster":{"count":2,"precisionRecall":{"success":{"recall":1,"precision":1}}},"snake":{"precisionRecall":{"success":{"recall":1,"precision":1}},"count":2},"cat":{"precisionRecall":{"success":{"recall":1,"precision":1}},"count":2},"dog":{"count":2,"precisionRecall":{"success":{"precision":1,"recall":1}}}},"confusionMatrix":[{"actual":"cat","expected":"cat","count":2},{"actual":"dog","expected":"dog","count":2},{"actual":"hamster","count":2,"expected":"hamster"},{"count":2,"actual":"snake","expected":"snake"}],"accuracy":1}},"analysedDataType":"auto"},"createdDate":"2024-10-13T14:25:36Z","modifiedDate":"2024-10-13T14:25:36Z","evaluationEntities":[],"trainingEvaluationEntity":{"createdDate":"2024-10-13T14:24:32Z","analysedDataType":"none","dataSourceID":"F60DCFD2-E24B-4662-AE17-200EDF29CFC8","id":"09284234-19ac-4237-bc78-ea08b531c384","dataResult":{"createdDate":"2024-10-13T14:24:55Z","dataSourceID":"F60DCFD2-E24B-4662-AE17-200EDF29CFC8","classesCount":4,"itemsCount":64,"dataAnalysis":{"summary":{"sampleCount":64,"classCount":4,"canUseValidation":1},"issues":[{"severity":"debug","description":"4 classes found, including hamster, dog, cat"},{"severity":"good","description":"64 images found, automatically creating validation set"},{"description":"Smallest class is \"snake\" with 16 images","severity":"debug"},{"description":"Largest class is \"hamster\" with 16 images","severity":"debug"}],"objectDetectorAnalysis":{"details":{}},"classifierAnalysis":{"labelStats":{"dog":16,"hamster":16,"cat":16,"snake":16},"details":["file:\/\/\/Users\/kosobuma\/Projects\/PetBreedData\/Training\/snake\/snake05.png",["snake"],"file:\/\/\/Users\/kosobuma\/Projects\/PetBreedData\/Training\/snake\/snake08.jpg",["snake"],"file:\/\/\/Users\/kosobuma\/Projects\/PetBreedData\/Training\/hamster\/hamster16.jpg",["hamster"],"file:\/\/\/Users\/kosobuma\/Projects\/PetBreedData\/Training\/snake\/snake02.jpg",["snake"],"file:\/\/\/Users\/kosobuma\/Projects\/PetBreedData\/Training\/hamster\/hamster11.jpg",["hamster"],"file:\/\/\/Users\/kosobuma\/Projects\/PetBreedData\/Training\/snake\/snake16.jpg",["snake"],"file:\/\/\/Users\/kosobuma\/Projects\/PetBreedData\/Training\/dog\/dog19.jpg",["dog"],"file:\/\/\/Users\/kosobuma\/Projects\/PetBreedData\/Training\/cat\/cat18.jpg",["cat"],"file:\/\/\/Users\/kosobuma\/Projects\/PetBreedData\/Training\/hamster\/hamster10.jpg",["hamster"],"file:\/\/\/Users\/kosobuma\/Projects\/PetBreedData\/Training\/cat\/cat15.jpg",["cat"],"file:\/\/\/Users\/kosobuma\/Projects\/PetBreedData\/Training\/hamster\/hamster03.jpg",["hamster"],"file:\/\/\/Users\/kosobuma\/Projects\/PetBreedData\/Training\/snake\/snake01.jpg",["snake"],"file:\/\/\/Users\/kosobuma\/Projects\/PetBreedData\/Training\/cat\/cat21.jpg",["cat"],"file:\/\/\/Users\/kosobuma\/Projects\/PetBreedData\/Training\/cat\/cat12.jpg",["cat"],"file:\/\/\/Users\/kosobuma\/Projects\/PetBreedData\/Training\/dog\/dog05.jpg",["dog"],"file:\/\/\/Users\/kosobuma\/Projects\/PetBreedData\/Training\/dog\/dog22.jpg",["dog"],"file:\/\/\/Users\/kosobuma\/Projects\/PetBreedData\/Training\/cat\/cat04.jpg",["cat"],"file:\/\/\/Users\/kosobuma\/Projects\/PetBreedData\/Training\/dog\/dog25.jpg",["dog"],"file:\/\/\/Users\/kosobuma\/Projects\/PetBreedData\/Training\/dog\/dog06.jpg",["dog"],"file:\/\/\/Users\/kosobuma\/Projects\/PetBreedData\/Training\/hamster\/hamster06.jpg",["hamster"],"file:\/\/\/Users\/kosobuma\/Projects\/PetBreedData\/Training\/hamster\/hamster13.jpg",["hamster"],"file:\/\/\/Users\/kosobuma\/Projects\/PetBreedData\/Training\/hamster\/hamster05.jpg",["hamster"],"file:\/\/\/Users\/kosobuma\/Projects\/PetBreedData\/Training\/snake\/snake10.jpg",["snake"],"file:\/\/\/Users\/kosobuma\/Projects\/PetBreedData\/Training\/hamster\/hamster14.jpg",["hamster"],"file:\/\/\/Users\/kosobuma\/Projects\/PetBreedData\/Training\/dog\/dog21.jpg",["dog"],"file:\/\/\/Users\/kosobuma\/Projects\/PetBreedData\/Training\/cat\/cat06.jpg",["cat"],"file:\/\/\/Users\/kosobuma\/Projects\/PetBreedData\/Training\/cat\/cat23.jpg",["cat"],"file:\/\/\/Users\/kosobuma\/Projects\/PetBreedData\/Training\/cat\/cat17.jpg",["cat"],"file:\/\/\/Users\/kosobuma\/Projects\/PetBreedData\/Training\/hamster\/hamster07.jpg",["hamster"],"file:\/\/\/Users\/kosobuma\/Projects\/PetBreedData\/Training\/dog\/dog07.jpg",["dog"],"file:\/\/\/Users\/kosobuma\/Projects\/PetBreedData\/Training\/cat\/cat10.jpg",["cat"],"file:\/\/\/Users\/kosobuma\/Projects\/PetBreedData\/Training\/hamster\/hamster04.jpg",["hamster"],"file:\/\/\/Users\/kosobuma\/Projects\/PetBreedData\/Training\/cat\/cat13-lego.jpg",["cat"],"file:\/\/\/Users\/kosobuma\/Projects\/PetBreedData\/Training\/hamster\/hamster02.jpg",["hamster"],"file:\/\/\/Users\/kosobuma\/Projects\/PetBreedData\/Training\/hamster\/hamster12.jpg",["hamster"],"file:\/\/\/Users\/kosobuma\/Projects\/PetBreedData\/Training\/hamster\/hamster08.png",["hamster"],"file:\/\/\/Users\/kosobuma\/Projects\/PetBreedData\/Training\/dog\/dog18.jpg",["dog"],"file:\/\/\/Users\/kosobuma\/Projects\/PetBreedData\/Training\/snake\/snake03.jpg",["snake"],"file:\/\/\/Users\/kosobuma\/Projects\/PetBreedData\/Training\/snake\/snake07.jpg",["snake"],"file:\/\/\/Users\/kosobuma\/Projects\/PetBreedData\/Training\/snake\/snake13.jpg",["snake"],"file:\/\/\/Users\/kosobuma\/Projects\/PetBreedData\/Training\/snake\/snake17.jpg",["snake"],"file:\/\/\/Users\/kosobuma\/Projects\/PetBreedData\/Training\/dog\/dog04.jpg",["dog"],"file:\/\/\/Users\/kosobuma\/Projects\/PetBreedData\/Training\/snake\/snake24.jpg",["snake"],"file:\/\/\/Users\/kosobuma\/Projects\/PetBreedData\/Training\/dog\/dog01.jpg",["dog"],"file:\/\/\/Users\/kosobuma\/Projects\/PetBreedData\/Training\/cat\/cat11.jpg",["cat"],"file:\/\/\/Users\/kosobuma\/Projects\/PetBreedData\/Training\/dog\/dog03.jpg",["dog"],"file:\/\/\/Users\/kosobuma\/Projects\/PetBreedData\/Training\/dog\/dog02.jpg",["dog"],"file:\/\/\/Users\/kosobuma\/Projects\/PetBreedData\/Training\/snake\/snake12.jpg",["snake"],"file:\/\/\/Users\/kosobuma\/Projects\/PetBreedData\/Training\/snake\/snake06.jpg",["snake"],"file:\/\/\/Users\/kosobuma\/Projects\/PetBreedData\/Training\/snake\/snake04.jpg",["snake"],"file:\/\/\/Users\/kosobuma\/Projects\/PetBreedData\/Training\/snake\/snake11.jpg",["snake"],"file:\/\/\/Users\/kosobuma\/Projects\/PetBreedData\/Training\/cat\/cat24.jpg",["cat"],"file:\/\/\/Users\/kosobuma\/Projects\/PetBreedData\/Training\/dog\/dog10.png",["dog"],"file:\/\/\/Users\/kosobuma\/Projects\/PetBreedData\/Training\/dog\/dog08.jpg",["dog"],"file:\/\/\/Users\/kosobuma\/Projects\/PetBreedData\/Training\/hamster\/hamster01.jpg",["hamster"],"file:\/\/\/Users\/kosobuma\/Projects\/PetBreedData\/Training\/dog\/dog20.jpg",["dog"],"file:\/\/\/Users\/kosobuma\/Projects\/PetBreedData\/Training\/cat\/cat02.jpg",["cat"],"file:\/\/\/Users\/kosobuma\/Projects\/PetBreedData\/Training\/snake\/snake25.jpg",["snake"],"file:\/\/\/Users\/kosobuma\/Projects\/PetBreedData\/Training\/hamster\/hamster09.png",["hamster"],"file:\/\/\/Users\/kosobuma\/Projects\/PetBreedData\/Training\/dog\/dog09.jpg",["dog"],"file:\/\/\/Users\/kosobuma\/Projects\/PetBreedData\/Training\/cat\/cat20.jpg",["cat"],"file:\/\/\/Users\/kosobuma\/Projects\/PetBreedData\/Training\/hamster\/hamster15.jpg",["hamster"],"file:\/\/\/Users\/kosobuma\/Projects\/PetBreedData\/Training\/cat\/cat01.jpg",["cat"],"file:\/\/\/Users\/kosobuma\/Projects\/PetBreedData\/Training\/cat\/cat22.jpg",["cat"]]}},"dataURL":"file:\/\/\/Users\/kosobuma\/Projects\/PetBreedData\/Training\/"},"evaluationResult":{"imageClassifier":{"confusionMatrix":[{"expected":"cat","count":14,"actual":"cat"},{"count":14,"actual":"dog","expected":"dog"},{"actual":"hamster","count":14,"expected":"hamster"},{"expected":"snake","count":14,"actual":"snake"}],"statsByLabel":{"snake":{"count":14,"precisionRecall":{"success":{"recall":1,"precision":1}}},"cat":{"precisionRecall":{"success":{"precision":1,"recall":1}},"count":14},"dog":{"count":14,"precisionRecall":{"success":{"precision":1,"recall":1}}},"hamster":{"precisionRecall":{"success":{"precision":1,"recall":1}},"count":14}},"accuracy":1}}},"id":"93cc0123-b26c-4d00-baf6-c2b5f94fe379","testingEvaluationEntity":{"dataResult":{"createdDate":"2024-10-13T14:24:55Z","dataSourceID":"26E93E36-7709-4445-B898-AB5FEF1721C2","dataURL":"file:\/\/\/Users\/kosobuma\/Projects\/PetBreedData\/Testing\/","itemsCount":24,"dataAnalysis":{"classifierAnalysis":{"details":["file:\/\/\/Users\/kosobuma\/Projects\/PetBreedData\/Testing\/hamster\/hamster22.jpg",["hamster"],"file:\/\/\/Users\/kosobuma\/Projects\/PetBreedData\/Testing\/snake\/snake21.jpg",["snake"],"file:\/\/\/Users\/kosobuma\/Projects\/PetBreedData\/Testing\/dog\/dog13.jpg",["dog"],"file:\/\/\/Users\/kosobuma\/Projects\/PetBreedData\/Testing\/dog\/dog16.jpg",["dog"],"file:\/\/\/Users\/kosobuma\/Projects\/PetBreedData\/Testing\/dog\/dog14.jpg",["dog"],"file:\/\/\/Users\/kosobuma\/Projects\/PetBreedData\/Testing\/hamster\/hamster20.jpg",["hamster"],"file:\/\/\/Users\/kosobuma\/Projects\/PetBreedData\/Testing\/cat\/cat25.jpg",["cat"],"file:\/\/\/Users\/kosobuma\/Projects\/PetBreedData\/Testing\/dog\/dog17.jpg",["dog"],"file:\/\/\/Users\/kosobuma\/Projects\/PetBreedData\/Testing\/cat\/cat05.jpg",["cat"],"file:\/\/\/Users\/kosobuma\/Projects\/PetBreedData\/Testing\/snake\/snake22.jpg",["snake"],"file:\/\/\/Users\/kosobuma\/Projects\/PetBreedData\/Testing\/snake\/snake20.jpg",["snake"],"file:\/\/\/Users\/kosobuma\/Projects\/PetBreedData\/Testing\/snake\/snake23.jpg",["snake"],"file:\/\/\/Users\/kosobuma\/Projects\/PetBreedData\/Testing\/dog\/dog11.jpg",["dog"],"file:\/\/\/Users\/kosobuma\/Projects\/PetBreedData\/Testing\/snake\/snake19.jpg",["snake"],"file:\/\/\/Users\/kosobuma\/Projects\/PetBreedData\/Testing\/cat\/cat19.jpg",["cat"],"file:\/\/\/Users\/kosobuma\/Projects\/PetBreedData\/Testing\/dog\/dog12.jpg",["dog"],"file:\/\/\/Users\/kosobuma\/Projects\/PetBreedData\/Testing\/hamster\/hamster17.jpg",["hamster"],"file:\/\/\/Users\/kosobuma\/Projects\/PetBreedData\/Testing\/cat\/cat16.jpg",["cat"],"file:\/\/\/Users\/kosobuma\/Projects\/PetBreedData\/Testing\/cat\/cat07.jpg",["cat"],"file:\/\/\/Users\/kosobuma\/Projects\/PetBreedData\/Testing\/hamster\/hamster18.jpg",["hamster"],"file:\/\/\/Users\/kosobuma\/Projects\/PetBreedData\/Testing\/hamster\/hamster21.jpg",["hamster"],"file:\/\/\/Users\/kosobuma\/Projects\/PetBreedData\/Testing\/cat\/cat14.jpg",["cat"],"file:\/\/\/Users\/kosobuma\/Projects\/PetBreedData\/Testing\/hamster\/hamster19.jpg",["hamster"],"file:\/\/\/Users\/kosobuma\/Projects\/PetBreedData\/Testing\/snake\/snake18.jpg",["snake"]],"labelStats":{"snake":6,"dog":6,"hamster":6,"cat":6}},"issues":[{"severity":"debug","description":"4 classes found, including snake, dog, cat"},{"severity":"warning","description":"Less than 50 total images found - add more to improve model validation"},{"severity":"debug","description":"Smallest class is \"hamster\" with 6 images"},{"severity":"debug","description":"Largest class is \"snake\" with 6 images"}],"summary":{"sampleCount":24,"canUseValidation":0,"classCount":4},"objectDetectorAnalysis":{"details":{}}},"classesCount":4},"createdDate":"2024-10-13T14:24:32Z","accuracy":1,"finishTime":"2024-10-13T14:25:36Z","evaluationResult":{"imageClassifier":{"confusionMatrix":[{"expected":"cat","count":6,"actual":"cat"},{"actual":"dog","count":6,"expected":"dog"},{"count":6,"expected":"hamster","actual":"hamster"},{"actual":"snake","count":6,"expected":"snake"}],"accuracy":1,"statsByLabel":{"cat":{"count":6,"precisionRecall":{"success":{"precision":1,"recall":1}}},"dog":{"count":6,"precisionRecall":{"success":{"precision":1,"recall":1}}},"hamster":{"precisionRecall":{"success":{"recall":1,"precision":1}},"count":6},"snake":{"count":6,"precisionRecall":{"success":{"recall":1,"precision":1}}}},"detail":{"predictions":{"cat":[{"truePositive":{}},[{"predictions":{"snake":2.801372e-10,"hamster":5.6434168e-05,"cat":0.99994344,"dog":1.4961878e-07},"url":"file:\/\/\/Users\/kosobuma\/Projects\/PetBreedData\/Testing\/cat\/cat16.jpg","predicted":"cat","actual":"cat"},{"predicted":"cat","actual":"cat","predictions":{"snake":4.7067576e-07,"hamster":0.00052629475,"cat":0.9994732,"dog":2.0832438e-09},"url":"file:\/\/\/Users\/kosobuma\/Projects\/PetBreedData\/Testing\/cat\/cat14.jpg"},{"predictions":{"cat":0.9999943,"snake":5.30454e-06,"dog":9.926411e-08,"hamster":3.406724e-07},"actual":"cat","predicted":"cat","url":"file:\/\/\/Users\/kosobuma\/Projects\/PetBreedData\/Testing\/cat\/cat05.jpg"},{"predicted":"cat","actual":"cat","predictions":{"dog":3.178437e-10,"cat":0.9999997,"snake":5.7894183e-09,"hamster":2.7031876e-07},"url":"file:\/\/\/Users\/kosobuma\/Projects\/PetBreedData\/Testing\/cat\/cat07.jpg"},{"predicted":"cat","url":"file:\/\/\/Users\/kosobuma\/Projects\/PetBreedData\/Testing\/cat\/cat25.jpg","predictions":{"dog":1.5834472e-06,"cat":0.99869925,"hamster":3.076869e-10,"snake":0.0012991646},"actual":"cat"},{"predicted":"cat","actual":"cat","url":"file:\/\/\/Users\/kosobuma\/Projects\/PetBreedData\/Testing\/cat\/cat19.jpg","predictions":{"cat":0.99999887,"snake":6.625995e-07,"dog":1.0638004e-09,"hamster":4.433546e-07}}],{"falseNegative":{}},[],{"falsePositive":{}},[]],"dog":[{"truePositive":{}},[{"predicted":"dog","url":"file:\/\/\/Users\/kosobuma\/Projects\/PetBreedData\/Testing\/dog\/dog11.jpg","actual":"dog","predictions":{"hamster":2.118328e-17,"snake":2.6198904e-10,"dog":0.99999946,"cat":5.2492993e-07}},{"predicted":"dog","url":"file:\/\/\/Users\/kosobuma\/Projects\/PetBreedData\/Testing\/dog\/dog13.jpg","actual":"dog","predictions":{"hamster":3.8308237e-10,"dog":0.99953705,"snake":2.9853196e-11,"cat":0.00046292378}},{"predictions":{"snake":4.0556558e-14,"hamster":2.2351106e-14,"dog":0.99999887,"cat":1.1349074e-06},"actual":"dog","predicted":"dog","url":"file:\/\/\/Users\/kosobuma\/Projects\/PetBreedData\/Testing\/dog\/dog12.jpg"},{"predicted":"dog","predictions":{"cat":1.1768008e-08,"hamster":9.064672e-20,"snake":5.833098e-15,"dog":1},"actual":"dog","url":"file:\/\/\/Users\/kosobuma\/Projects\/PetBreedData\/Testing\/dog\/dog16.jpg"},{"predicted":"dog","predictions":{"hamster":5.1209657e-17,"snake":1.5372835e-11,"cat":1.4151187e-06,"dog":0.99999857},"url":"file:\/\/\/Users\/kosobuma\/Projects\/PetBreedData\/Testing\/dog\/dog17.jpg","actual":"dog"},{"actual":"dog","predictions":{"snake":4.6877197e-11,"cat":0.0004102182,"dog":0.9995898,"hamster":6.633241e-11},"predicted":"dog","url":"file:\/\/\/Users\/kosobuma\/Projects\/PetBreedData\/Testing\/dog\/dog14.jpg"}],{"falseNegative":{}},[],{"falsePositive":{}},[]],"snake":[{"falseNegative":{}},[],{"falsePositive":{}},[],{"truePositive":{}},[{"url":"file:\/\/\/Users\/kosobuma\/Projects\/PetBreedData\/Testing\/snake\/snake18.jpg","predicted":"snake","actual":"snake","predictions":{"dog":2.3038229e-32,"hamster":3.714243e-33,"cat":1.6781941e-21,"snake":1}},{"predictions":{"cat":5.8542303e-24,"dog":2.6367139e-36,"snake":1,"hamster":2.2056954e-37},"actual":"snake","url":"file:\/\/\/Users\/kosobuma\/Projects\/PetBreedData\/Testing\/snake\/snake19.jpg","predicted":"snake"},{"predictions":{"cat":7.445844e-21,"snake":1,"hamster":5.2407784e-31,"dog":1.0429155e-30},"predicted":"snake","actual":"snake","url":"file:\/\/\/Users\/kosobuma\/Projects\/PetBreedData\/Testing\/snake\/snake21.jpg"},{"predictions":{"dog":5.094597e-31,"hamster":3.5447677e-28,"snake":1,"cat":1.2468793e-19},"predicted":"snake","url":"file:\/\/\/Users\/kosobuma\/Projects\/PetBreedData\/Testing\/snake\/snake20.jpg","actual":"snake"},{"predictions":{"snake":1,"hamster":8.307541e-31,"cat":1.6125153e-20,"dog":2.4301844e-32},"predicted":"snake","actual":"snake","url":"file:\/\/\/Users\/kosobuma\/Projects\/PetBreedData\/Testing\/snake\/snake22.jpg"},{"predictions":{"dog":3.7013254e-27,"cat":2.2018922e-16,"hamster":8.486941e-25,"snake":1},"predicted":"snake","actual":"snake","url":"file:\/\/\/Users\/kosobuma\/Projects\/PetBreedData\/Testing\/snake\/snake23.jpg"}]],"hamster":[{"truePositive":{}},[{"actual":"hamster","predictions":{"dog":1.2205828e-31,"cat":7.5528815e-20,"snake":1.1342317e-29,"hamster":1},"url":"file:\/\/\/Users\/kosobuma\/Projects\/PetBreedData\/Testing\/hamster\/hamster17.jpg","predicted":"hamster"},{"url":"file:\/\/\/Users\/kosobuma\/Projects\/PetBreedData\/Testing\/hamster\/hamster19.jpg","predicted":"hamster","predictions":{"snake":9.385824e-19,"dog":4.997281e-21,"hamster":1,"cat":2.8362732e-13},"actual":"hamster"},{"predicted":"hamster","predictions":{"dog":4.302581e-31,"hamster":1,"cat":5.9778986e-20,"snake":1.4411554e-30},"actual":"hamster","url":"file:\/\/\/Users\/kosobuma\/Projects\/PetBreedData\/Testing\/hamster\/hamster18.jpg"},{"url":"file:\/\/\/Users\/kosobuma\/Projects\/PetBreedData\/Testing\/hamster\/hamster20.jpg","predicted":"hamster","predictions":{"cat":2.322623e-16,"dog":6.092879e-28,"snake":2.9674287e-24,"hamster":1},"actual":"hamster"},{"predicted":"hamster","actual":"hamster","url":"file:\/\/\/Users\/kosobuma\/Projects\/PetBreedData\/Testing\/hamster\/hamster21.jpg","predictions":{"cat":4.347263e-15,"hamster":1,"snake":8.3992564e-23,"dog":6.8476664e-26}},{"url":"file:\/\/\/Users\/kosobuma\/Projects\/PetBreedData\/Testing\/hamster\/hamster22.jpg","actual":"hamster","predicted":"hamster","predictions":{"snake":6.538518e-27,"cat":3.8204805e-18,"dog":5.471986e-30,"hamster":1}}],{"falsePositive":{}},[],{"falseNegative":{}},[]]}}}},"startTime":"2024-10-13T14:25:35Z","id":"782baeb7-a766-4917-8635-28b813a4fb46","dataSourceID":"26E93E36-7709-4445-B898-AB5FEF1721C2","analysedDataType":"datasource"}},"id":"A9334C66-C32B-4022-BEC7-370CB222130F","settingEntity":{"taskType":"imageClassifier","featureExtractorType":"scenePrintV1","handPoseClassifierAugmentations":[],"augmentations":[],"algorithmType":"maxEnt","iterationCount":25,"transferLearningEmbeddingType":"dynamic","seedType":"default","featureNames":[],"styleTransferAlgorithmType":"image","harVideoAugmentations":0,"handActionClassifierAugmentations":[]},"preferredFilename":"PetBreeds 1","snapshotRole":{"withoutSnapshots":0},"evaluationState":"evaluated","activityEntities":["trainingDataAdded",[{"title":"Training Data Added","id":"48A56914-0085-4F54-9850-38FCF3D79DBA","event":"trainingDataAdded","subtitle":"Training","createdDate":"2024-10-13T14:24:55Z"}],"trainingStarted",[{"event":"trainingStarted","subtitle":"25 iterations","id":"6298C07B-A572-4D98-AF46-16B1E405EEC6","createdDate":"2024-10-13T14:25:31Z","title":"Training Started"}],"trainingFinished",[{"event":"trainingFinished","createdDate":"2024-10-13T14:25:33Z","title":"Training Completed","id":"BB0E5F1A-EABF-4C47-908A-89C65728800C","subtitle":"Model converged at 9 iterations"}],"experimentCreated",[{"id":"F4403BB7-B45B-4CC2-A42D-4519CDE4C215","createdDate":"2024-10-13T14:24:32Z","title":"Model Source Created","event":"experimentCreated","subtitle":"PetBreeds 1"}],"evaluationStarted",[{"id":"EDEF980B-E6A3-4F92-B819-9ABDD09FF638","event":"evaluationStarted","subtitle":"PetBreeds 1","createdDate":"2024-10-13T14:25:35Z","title":"Testing Started"}],"evaluationFinished",[{"event":"evaluationFinished","subtitle":"PetBreeds 1","createdDate":"2024-10-13T14:25:36Z","title":"Testing Completed","id":"0A61AA48-39EB-4DF8-BA7E-B20058F53B08"}]],"trainingEntity":{"finishTime":"2024-10-13T14:25:33Z","resumableCheckpoint":{"createdDate":"2024-10-13T14:25:33Z","iteration":25,"checkpointURL":"file:\/\/\/Users\/kosobuma\/Library\/Caches\/com.apple.dt.createml\/projects\/52B8991B-C1BC-463B-900B-06B8C60505BE5a6216628bdbf4a969f332d757dbde18fccae515\/sessions\/checkpoint.sessions\/A9334C66-C32B-4022-BEC7-370CB222130F\/training-000000025.checkpoint"},"snapshottableCheckpointModelURL":"Checkpoints\/A9334C66-C32B-4022-BEC7-370CB222130F.PetBreeds1.checkpoint\/training-000000025.checkpoint.model\/checkpointModel.mlmodel","snapshottableCheckpoints":{"25":{"modelURL":"file:\/\/\/Users\/kosobuma\/Library\/Caches\/com.apple.dt.createml\/projects\/52B8991B-C1BC-463B-900B-06B8C60505BE5a6216628bdbf4a969f332d757dbde18fccae515\/sessions\/checkpoint.sessions\/A9334C66-C32B-4022-BEC7-370CB222130F\/training-000000025.checkpoint.model\/checkpointModel.mlmodel","createdDate":"2024-10-13T14:25:33Z","iteration":25}},"resumableCheckpointURL":"Checkpoints\/A9334C66-C32B-4022-BEC7-370CB222130F.PetBreeds1.checkpoint","checkpointMetrics":{"25":{"iteration":25,"createdDate":"2024-10-13T14:25:33Z","metrics":{}}},"dataSourceID":"F60DCFD2-E24B-4662-AE17-200EDF29CFC8","validationAccuracy":1,"trainingResults":{"imageClassifier":{"accuracy":1,"statsByLabel":{"snake":{"precisionRecall":{"success":{"precision":1,"recall":1}},"count":14},"hamster":{"precisionRecall":{"success":{"precision":1,"recall":1}},"count":14},"cat":{"count":14,"precisionRecall":{"success":{"precision":1,"recall":1}}},"dog":{"count":14,"precisionRecall":{"success":{"precision":1,"recall":1}}}},"confusionMatrix":[{"count":14,"actual":"cat","expected":"cat"},{"expected":"dog","count":14,"actual":"dog"},{"count":14,"actual":"hamster","expected":"hamster"},{"expected":"snake","count":14,"actual":"snake"}]}},"analysedDataType":"datasource","dataResult":{"dataURL":"file:\/\/\/Users\/kosobuma\/Projects\/PetBreedData\/Training\/","createdDate":"2024-10-13T14:24:55Z","classesCount":4,"itemsCount":64,"dataSourceID":"F60DCFD2-E24B-4662-AE17-200EDF29CFC8","dataAnalysis":{"issues":[{"description":"4 classes found, including hamster, dog, cat","severity":"debug"},{"severity":"good","description":"64 images found, automatically creating validation set"},{"severity":"debug","description":"Smallest class is \"snake\" with 16 images"},{"severity":"debug","description":"Largest class is \"hamster\" with 16 images"}],"summary":{"classCount":4,"sampleCount":64,"canUseValidation":1},"classifierAnalysis":{"labelStats":{"hamster":16,"snake":16,"cat":16,"dog":16},"details":["file:\/\/\/Users\/kosobuma\/Projects\/PetBreedData\/Training\/dog\/dog01.jpg",["dog"],"file:\/\/\/Users\/kosobuma\/Projects\/PetBreedData\/Training\/dog\/dog22.jpg",["dog"],"file:\/\/\/Users\/kosobuma\/Projects\/PetBreedData\/Training\/cat\/cat24.jpg",["cat"],"file:\/\/\/Users\/kosobuma\/Projects\/PetBreedData\/Training\/snake\/snake07.jpg",["snake"],"file:\/\/\/Users\/kosobuma\/Projects\/PetBreedData\/Training\/dog\/dog21.jpg",["dog"],"file:\/\/\/Users\/kosobuma\/Projects\/PetBreedData\/Training\/dog\/dog19.jpg",["dog"],"file:\/\/\/Users\/kosobuma\/Projects\/PetBreedData\/Training\/hamster\/hamster08.png",["hamster"],"file:\/\/\/Users\/kosobuma\/Projects\/PetBreedData\/Training\/hamster\/hamster06.jpg",["hamster"],"file:\/\/\/Users\/kosobuma\/Projects\/PetBreedData\/Training\/hamster\/hamster12.jpg",["hamster"],"file:\/\/\/Users\/kosobuma\/Projects\/PetBreedData\/Training\/dog\/dog05.jpg",["dog"],"file:\/\/\/Users\/kosobuma\/Projects\/PetBreedData\/Training\/dog\/dog20.jpg",["dog"],"file:\/\/\/Users\/kosobuma\/Projects\/PetBreedData\/Training\/hamster\/hamster14.jpg",["hamster"],"file:\/\/\/Users\/kosobuma\/Projects\/PetBreedData\/Training\/dog\/dog04.jpg",["dog"],"file:\/\/\/Users\/kosobuma\/Projects\/PetBreedData\/Training\/hamster\/hamster13.jpg",["hamster"],"file:\/\/\/Users\/kosobuma\/Projects\/PetBreedData\/Training\/dog\/dog08.jpg",["dog"],"file:\/\/\/Users\/kosobuma\/Projects\/PetBreedData\/Training\/hamster\/hamster02.jpg",["hamster"],"file:\/\/\/Users\/kosobuma\/Projects\/PetBreedData\/Training\/snake\/snake05.png",["snake"],"file:\/\/\/Users\/kosobuma\/Projects\/PetBreedData\/Training\/cat\/cat10.jpg",["cat"],"file:\/\/\/Users\/kosobuma\/Projects\/PetBreedData\/Training\/cat\/cat06.jpg",["cat"],"file:\/\/\/Users\/kosobuma\/Projects\/PetBreedData\/Training\/hamster\/hamster10.jpg",["hamster"],"file:\/\/\/Users\/kosobuma\/Projects\/PetBreedData\/Training\/snake\/snake03.jpg",["snake"],"file:\/\/\/Users\/kosobuma\/Projects\/PetBreedData\/Training\/dog\/dog09.jpg",["dog"],"file:\/\/\/Users\/kosobuma\/Projects\/PetBreedData\/Training\/hamster\/hamster15.jpg",["hamster"],"file:\/\/\/Users\/kosobuma\/Projects\/PetBreedData\/Training\/cat\/cat21.jpg",["cat"],"file:\/\/\/Users\/kosobuma\/Projects\/PetBreedData\/Training\/snake\/snake06.jpg",["snake"],"file:\/\/\/Users\/kosobuma\/Projects\/PetBreedData\/Training\/cat\/cat18.jpg",["cat"],"file:\/\/\/Users\/kosobuma\/Projects\/PetBreedData\/Training\/cat\/cat12.jpg",["cat"],"file:\/\/\/Users\/kosobuma\/Projects\/PetBreedData\/Training\/dog\/dog18.jpg",["dog"],"file:\/\/\/Users\/kosobuma\/Projects\/PetBreedData\/Training\/hamster\/hamster05.jpg",["hamster"],"file:\/\/\/Users\/kosobuma\/Projects\/PetBreedData\/Training\/hamster\/hamster16.jpg",["hamster"],"file:\/\/\/Users\/kosobuma\/Projects\/PetBreedData\/Training\/cat\/cat04.jpg",["cat"],"file:\/\/\/Users\/kosobuma\/Projects\/PetBreedData\/Training\/snake\/snake08.jpg",["snake"],"file:\/\/\/Users\/kosobuma\/Projects\/PetBreedData\/Training\/snake\/snake10.jpg",["snake"],"file:\/\/\/Users\/kosobuma\/Projects\/PetBreedData\/Training\/hamster\/hamster09.png",["hamster"],"file:\/\/\/Users\/kosobuma\/Projects\/PetBreedData\/Training\/snake\/snake04.jpg",["snake"],"file:\/\/\/Users\/kosobuma\/Projects\/PetBreedData\/Training\/snake\/snake12.jpg",["snake"],"file:\/\/\/Users\/kosobuma\/Projects\/PetBreedData\/Training\/dog\/dog02.jpg",["dog"],"file:\/\/\/Users\/kosobuma\/Projects\/PetBreedData\/Training\/cat\/cat11.jpg",["cat"],"file:\/\/\/Users\/kosobuma\/Projects\/PetBreedData\/Training\/dog\/dog25.jpg",["dog"],"file:\/\/\/Users\/kosobuma\/Projects\/PetBreedData\/Training\/hamster\/hamster01.jpg",["hamster"],"file:\/\/\/Users\/kosobuma\/Projects\/PetBreedData\/Training\/hamster\/hamster11.jpg",["hamster"],"file:\/\/\/Users\/kosobuma\/Projects\/PetBreedData\/Training\/snake\/snake24.jpg",["snake"],"file:\/\/\/Users\/kosobuma\/Projects\/PetBreedData\/Training\/dog\/dog03.jpg",["dog"],"file:\/\/\/Users\/kosobuma\/Projects\/PetBreedData\/Training\/dog\/dog07.jpg",["dog"],"file:\/\/\/Users\/kosobuma\/Projects\/PetBreedData\/Training\/snake\/snake01.jpg",["snake"],"file:\/\/\/Users\/kosobuma\/Projects\/PetBreedData\/Training\/cat\/cat15.jpg",["cat"],"file:\/\/\/Users\/kosobuma\/Projects\/PetBreedData\/Training\/snake\/snake13.jpg",["snake"],"file:\/\/\/Users\/kosobuma\/Projects\/PetBreedData\/Training\/cat\/cat22.jpg",["cat"],"file:\/\/\/Users\/kosobuma\/Projects\/PetBreedData\/Training\/snake\/snake17.jpg",["snake"],"file:\/\/\/Users\/kosobuma\/Projects\/PetBreedData\/Training\/dog\/dog06.jpg",["dog"],"file:\/\/\/Users\/kosobuma\/Projects\/PetBreedData\/Training\/snake\/snake02.jpg",["snake"],"file:\/\/\/Users\/kosobuma\/Projects\/PetBreedData\/Training\/dog\/dog10.png",["dog"],"file:\/\/\/Users\/kosobuma\/Projects\/PetBreedData\/Training\/cat\/cat17.jpg",["cat"],"file:\/\/\/Users\/kosobuma\/Projects\/PetBreedData\/Training\/cat\/cat23.jpg",["cat"],"file:\/\/\/Users\/kosobuma\/Projects\/PetBreedData\/Training\/cat\/cat20.jpg",["cat"],"file:\/\/\/Users\/kosobuma\/Projects\/PetBreedData\/Training\/cat\/cat02.jpg",["cat"],"file:\/\/\/Users\/kosobuma\/Projects\/PetBreedData\/Training\/cat\/cat01.jpg",["cat"],"file:\/\/\/Users\/kosobuma\/Projects\/PetBreedData\/Training\/snake\/snake25.jpg",["snake"],"file:\/\/\/Users\/kosobuma\/Projects\/PetBreedData\/Training\/hamster\/hamster03.jpg",["hamster"],"file:\/\/\/Users\/kosobuma\/Projects\/PetBreedData\/Training\/hamster\/hamster04.jpg",["hamster"],"file:\/\/\/Users\/kosobuma\/Projects\/PetBreedData\/Training\/hamster\/hamster07.jpg",["hamster"],"file:\/\/\/Users\/kosobuma\/Projects\/PetBreedData\/Training\/cat\/cat13-lego.jpg",["cat"],"file:\/\/\/Users\/kosobuma\/Projects\/PetBreedData\/Training\/snake\/snake11.jpg",["snake"],"file:\/\/\/Users\/kosobuma\/Projects\/PetBreedData\/Training\/snake\/snake16.jpg",["snake"]]},"objectDetectorAnalysis":{"details":{}}}},"featureExtractionCheckpointMayBeAvailable":false,"trainingAccuracy":1,"validationResults":{"imageClassifier":{"statsByLabel":{"cat":{"precisionRecall":{"success":{"recall":1,"precision":1}},"count":2},"hamster":{"precisionRecall":{"success":{"recall":1,"precision":1}},"count":2},"snake":{"count":2,"precisionRecall":{"success":{"recall":1,"precision":1}}},"dog":{"count":2,"precisionRecall":{"success":{"precision":1,"recall":1}}}},"accuracy":1,"confusionMatrix":[{"actual":"cat","expected":"cat","count":2},{"expected":"dog","count":2,"actual":"dog"},{"actual":"hamster","expected":"hamster","count":2},{"count":2,"expected":"snake","actual":"snake"}]}},"progress":[{"count":0,"percentComplete":0,"isLast":false,"tableDone":false,"currentRowIndex":0,"tableIndex":0},{"percentComplete":0,"isLast":false,"tableIndex":0,"icTrainingColumnHeader":{"validationAccuracy":0.875,"iterationCount":2,"hasValidation":true,"elapsedTime":0.01491999626159668,"trainingAccuracy":0.8928571428571429},"count":2,"currentRowIndex":0,"tableDone":false},{"percentComplete":0,"count":3,"isLast":false,"icTrainingColumnHeader":{"elapsedTime":0.02477097511291504,"hasValidation":true,"iterationCount":3,"trainingAccuracy":1,"validationAccuracy":1},"tableIndex":0,"currentRowIndex":0,"tableDone":false},{"tableDone":false,"icTrainingColumnHeader":{"iterationCount":4,"trainingAccuracy":1,"elapsedTime":0.03129899501800537,"validationAccuracy":1,"hasValidation":true},"percentComplete":0,"isLast":false,"tableIndex":0,"count":4,"currentRowIndex":0},{"tableIndex":0,"count":5,"percentComplete":0,"currentRowIndex":0,"icTrainingColumnHeader":{"elapsedTime":0.043623924255371094,"hasValidation":true,"validationAccuracy":1,"iterationCount":5,"trainingAccuracy":1},"isLast":false,"tableDone":false},{"icTrainingColumnHeader":{"validationAccuracy":1,"hasValidation":true,"trainingAccuracy":1,"iterationCount":9,"elapsedTime":0.08563995361328125},"count":9,"percentComplete":0,"isLast":false,"tableDone":true,"tableIndex":0,"currentRowIndex":0},{"currentRowIndex":0,"isLast":false,"count":10,"percentComplete":0,"tableDone":false,"tableIndex":0},{"isLast":false,"count":15,"percentComplete":0,"currentRowIndex":0,"tableDone":false,"tableIndex":0},{"currentRowIndex":0,"tableIndex":0,"isLast":false,"count":20,"tableDone":false,"percentComplete":0},{"isLast":false,"tableIndex":0,"currentRowIndex":0,"count":25,"percentComplete":0,"tableDone":false},{"tableDone":false,"percentComplete":0,"isLast":false,"tableIndex":0,"currentRowIndex":0,"count":30},{"currentRowIndex":0,"count":35,"percentComplete":0,"isLast":false,"tableDone":false,"tableIndex":0},{"tableDone":false,"isLast":false,"tableIndex":0,"count":40,"percentComplete":0,"currentRowIndex":0},{"tableIndex":0,"currentRowIndex":0,"isLast":false,"tableDone":false,"count":45,"percentComplete":0},{"count":50,"tableDone":false,"percentComplete":0,"isLast":false,"currentRowIndex":0,"tableIndex":0},{"tableDone":false,"tableIndex":0,"count":55,"percentComplete":0,"currentRowIndex":0,"isLast":false},{"isLast":false,"count":60,"percentComplete":0,"tableIndex":0,"tableDone":false,"currentRowIndex":0},{"count":64,"tableDone":true,"percentComplete":0,"tableIndex":0,"isLast":false,"currentRowIndex":0}],"startTime":"2024-10-13T14:25:31Z"},"evaluationEntity":{"id":"6709e3be-d57b-410d-9035-7c266fbe6aa4","analysedDataType":"none","dataResult":{}},"modifiedDate":"2024-10-13T14:25:36Z","modelEntity":{"preferredFilename":"","title":"","createdDate":"2024-10-13T14:24:32Z","id":"691B89D6-EAD2-42BF-B6E3-43F0F9278F1E","version":"1.0","modelURL":"Models\/PetBreeds%201.mlmodel","experimentID":"A9334C66-C32B-4022-BEC7-370CB222130F","modifiedDate":"2024-10-13T14:24:32Z"},"contentDataResult":{"createdDate":"2024-10-13T14:24:55Z"}}