{"evaluationState":"evaluated","trainingEntity":{"dataResult":{"dataSourceID":"F60DCFD2-E24B-4662-AE17-200EDF29CFC8","dataURL":"file:\/\/\/Users\/kosobuma\/Projects\/PetBreedData\/Training\/","classesCount":4,"itemsCount":64,"dataAnalysis":{"summary":{"sampleCount":64,"classCount":4,"canUseValidation":1},"classifierAnalysis":{"details":["file:\/\/\/Users\/kosobuma\/Projects\/PetBreedData\/Training\/hamster\/hamster12.jpg",["hamster"],"file:\/\/\/Users\/kosobuma\/Projects\/PetBreedData\/Training\/snake\/snake12.jpg",["snake"],"file:\/\/\/Users\/kosobuma\/Projects\/PetBreedData\/Training\/snake\/snake04.jpg",["snake"],"file:\/\/\/Users\/kosobuma\/Projects\/PetBreedData\/Training\/snake\/snake08.jpg",["snake"],"file:\/\/\/Users\/kosobuma\/Projects\/PetBreedData\/Training\/dog\/dog06.jpg",["dog"],"file:\/\/\/Users\/kosobuma\/Projects\/PetBreedData\/Training\/dog\/dog08.jpg",["dog"],"file:\/\/\/Users\/kosobuma\/Projects\/PetBreedData\/Training\/dog\/dog04.jpg",["dog"],"file:\/\/\/Users\/kosobuma\/Projects\/PetBreedData\/Training\/snake\/snake03.jpg",["snake"],"file:\/\/\/Users\/kosobuma\/Projects\/PetBreedData\/Training\/hamster\/hamster01.jpg",["hamster"],"file:\/\/\/Users\/kosobuma\/Projects\/PetBreedData\/Training\/cat\/cat24.jpg",["cat"],"file:\/\/\/Users\/kosobuma\/Projects\/PetBreedData\/Training\/hamster\/hamster10.jpg",["hamster"],"file:\/\/\/Users\/kosobuma\/Projects\/PetBreedData\/Training\/dog\/dog25.jpg",["dog"],"file:\/\/\/Users\/kosobuma\/Projects\/PetBreedData\/Training\/cat\/cat18.jpg",["cat"],"file:\/\/\/Users\/kosobuma\/Projects\/PetBreedData\/Training\/dog\/dog18.jpg",["dog"],"file:\/\/\/Users\/kosobuma\/Projects\/PetBreedData\/Training\/hamster\/hamster02.jpg",["hamster"],"file:\/\/\/Users\/kosobuma\/Projects\/PetBreedData\/Training\/hamster\/hamster05.jpg",["hamster"],"file:\/\/\/Users\/kosobuma\/Projects\/PetBreedData\/Training\/dog\/dog22.jpg",["dog"],"file:\/\/\/Users\/kosobuma\/Projects\/PetBreedData\/Training\/cat\/cat21.jpg",["cat"],"file:\/\/\/Users\/kosobuma\/Projects\/PetBreedData\/Training\/cat\/cat02.jpg",["cat"],"file:\/\/\/Users\/kosobuma\/Projects\/PetBreedData\/Training\/cat\/cat20.jpg",["cat"],"file:\/\/\/Users\/kosobuma\/Projects\/PetBreedData\/Training\/cat\/cat10.jpg",["cat"],"file:\/\/\/Users\/kosobuma\/Projects\/PetBreedData\/Training\/hamster\/hamster06.jpg",["hamster"],"file:\/\/\/Users\/kosobuma\/Projects\/PetBreedData\/Training\/hamster\/hamster03.jpg",["hamster"],"file:\/\/\/Users\/kosobuma\/Projects\/PetBreedData\/Training\/snake\/snake05.png",["snake"],"file:\/\/\/Users\/kosobuma\/Projects\/PetBreedData\/Training\/dog\/dog19.jpg",["dog"],"file:\/\/\/Users\/kosobuma\/Projects\/PetBreedData\/Training\/dog\/dog02.jpg",["dog"],"file:\/\/\/Users\/kosobuma\/Projects\/PetBreedData\/Training\/cat\/cat11.jpg",["cat"],"file:\/\/\/Users\/kosobuma\/Projects\/PetBreedData\/Training\/snake\/snake02.jpg",["snake"],"file:\/\/\/Users\/kosobuma\/Projects\/PetBreedData\/Training\/snake\/snake01.jpg",["snake"],"file:\/\/\/Users\/kosobuma\/Projects\/PetBreedData\/Training\/hamster\/hamster15.jpg",["hamster"],"file:\/\/\/Users\/kosobuma\/Projects\/PetBreedData\/Training\/hamster\/hamster09.png",["hamster"],"file:\/\/\/Users\/kosobuma\/Projects\/PetBreedData\/Training\/dog\/dog01.jpg",["dog"],"file:\/\/\/Users\/kosobuma\/Projects\/PetBreedData\/Training\/hamster\/hamster08.png",["hamster"],"file:\/\/\/Users\/kosobuma\/Projects\/PetBreedData\/Training\/dog\/dog07.jpg",["dog"],"file:\/\/\/Users\/kosobuma\/Projects\/PetBreedData\/Training\/hamster\/hamster14.jpg",["hamster"],"file:\/\/\/Users\/kosobuma\/Projects\/PetBreedData\/Training\/dog\/dog05.jpg",["dog"],"file:\/\/\/Users\/kosobuma\/Projects\/PetBreedData\/Training\/hamster\/hamster04.jpg",["hamster"],"file:\/\/\/Users\/kosobuma\/Projects\/PetBreedData\/Training\/dog\/dog21.jpg",["dog"],"file:\/\/\/Users\/kosobuma\/Projects\/PetBreedData\/Training\/cat\/cat04.jpg",["cat"],"file:\/\/\/Users\/kosobuma\/Projects\/PetBreedData\/Training\/snake\/snake16.jpg",["snake"],"file:\/\/\/Users\/kosobuma\/Projects\/PetBreedData\/Training\/cat\/cat06.jpg",["cat"],"file:\/\/\/Users\/kosobuma\/Projects\/PetBreedData\/Training\/snake\/snake17.jpg",["snake"],"file:\/\/\/Users\/kosobuma\/Projects\/PetBreedData\/Training\/snake\/snake13.jpg",["snake"],"file:\/\/\/Users\/kosobuma\/Projects\/PetBreedData\/Training\/cat\/cat15.jpg",["cat"],"file:\/\/\/Users\/kosobuma\/Projects\/PetBreedData\/Training\/hamster\/hamster11.jpg",["hamster"],"file:\/\/\/Users\/kosobuma\/Projects\/PetBreedData\/Training\/hamster\/hamster07.jpg",["hamster"],"file:\/\/\/Users\/kosobuma\/Projects\/PetBreedData\/Training\/cat\/cat17.jpg",["cat"],"file:\/\/\/Users\/kosobuma\/Projects\/PetBreedData\/Training\/dog\/dog09.jpg",["dog"],"file:\/\/\/Users\/kosobuma\/Projects\/PetBreedData\/Training\/cat\/cat23.jpg",["cat"],"file:\/\/\/Users\/kosobuma\/Projects\/PetBreedData\/Training\/dog\/dog20.jpg",["dog"],"file:\/\/\/Users\/kosobuma\/Projects\/PetBreedData\/Training\/snake\/snake25.jpg",["snake"],"file:\/\/\/Users\/kosobuma\/Projects\/PetBreedData\/Training\/snake\/snake10.jpg",["snake"],"file:\/\/\/Users\/kosobuma\/Projects\/PetBreedData\/Training\/snake\/snake07.jpg",["snake"],"file:\/\/\/Users\/kosobuma\/Projects\/PetBreedData\/Training\/cat\/cat13-lego.jpg",["cat"],"file:\/\/\/Users\/kosobuma\/Projects\/PetBreedData\/Training\/dog\/dog10.png",["dog"],"file:\/\/\/Users\/kosobuma\/Projects\/PetBreedData\/Training\/snake\/snake06.jpg",["snake"],"file:\/\/\/Users\/kosobuma\/Projects\/PetBreedData\/Training\/dog\/dog03.jpg",["dog"],"file:\/\/\/Users\/kosobuma\/Projects\/PetBreedData\/Training\/snake\/snake11.jpg",["snake"],"file:\/\/\/Users\/kosobuma\/Projects\/PetBreedData\/Training\/hamster\/hamster16.jpg",["hamster"],"file:\/\/\/Users\/kosobuma\/Projects\/PetBreedData\/Training\/snake\/snake24.jpg",["snake"],"file:\/\/\/Users\/kosobuma\/Projects\/PetBreedData\/Training\/hamster\/hamster13.jpg",["hamster"],"file:\/\/\/Users\/kosobuma\/Projects\/PetBreedData\/Training\/cat\/cat12.jpg",["cat"],"file:\/\/\/Users\/kosobuma\/Projects\/PetBreedData\/Training\/cat\/cat01.jpg",["cat"],"file:\/\/\/Users\/kosobuma\/Projects\/PetBreedData\/Training\/cat\/cat22.jpg",["cat"]],"labelStats":{"dog":16,"cat":16,"hamster":16,"snake":16}},"issues":[{"description":"4 classes found, including snake, hamster, cat","severity":"debug"},{"description":"64 images found, automatically creating validation set","severity":"good"},{"description":"Smallest class is \"dog\" with 16 images","severity":"debug"},{"severity":"debug","description":"Largest class is \"snake\" with 16 images"}],"objectDetectorAnalysis":{"details":{}}},"createdDate":"2024-10-13T14:26:30Z"},"finishTime":"2024-10-13T14:27:13Z","progress":[{"count":2,"percentComplete":0,"tableIndex":0,"icTrainingColumnHeader":{"validationAccuracy":0.5833333333333334,"iterationCount":2,"hasValidation":true,"elapsedTime":0.007400035858154297,"trainingAccuracy":0.7758620689655172},"tableDone":false,"isLast":false,"currentRowIndex":0},{"tableIndex":0,"isLast":false,"icTrainingColumnHeader":{"iterationCount":3,"hasValidation":true,"elapsedTime":0.011417984962463379,"validationAccuracy":0.75,"trainingAccuracy":0.8706896551724138},"percentComplete":0,"count":3,"currentRowIndex":0,"tableDone":false},{"isLast":false,"tableDone":false,"icTrainingColumnHeader":{"elapsedTime":0.013989925384521484,"hasValidation":true,"validationAccuracy":0.75,"trainingAccuracy":0.8706896551724138,"iterationCount":4},"count":4,"tableIndex":0,"currentRowIndex":0,"percentComplete":0},{"icTrainingColumnHeader":{"hasValidation":true,"trainingAccuracy":0.9137931034482759,"validationAccuracy":0.75,"iterationCount":5,"elapsedTime":0.018448948860168457},"percentComplete":0,"currentRowIndex":0,"tableIndex":0,"count":5,"tableDone":false,"isLast":false},{"currentRowIndex":0,"percentComplete":0,"isLast":false,"tableIndex":0,"tableDone":false,"count":10},{"tableIndex":0,"isLast":false,"percentComplete":0,"currentRowIndex":0,"icTrainingColumnHeader":{"trainingAccuracy":1,"hasValidation":true,"iterationCount":11,"elapsedTime":0.0371929407119751,"validationAccuracy":0.6666666666666666},"count":11,"tableDone":false},{"percentComplete":0,"count":13,"isLast":false,"currentRowIndex":0,"tableIndex":0,"icTrainingColumnHeader":{"validationAccuracy":0.6666666666666666,"iterationCount":13,"trainingAccuracy":1,"elapsedTime":0.04408693313598633,"hasValidation":true},"tableDone":true},{"count":15,"currentRowIndex":0,"tableIndex":0,"isLast":false,"percentComplete":0,"tableDone":false},{"tableIndex":0,"tableDone":false,"isLast":false,"count":20,"currentRowIndex":0,"percentComplete":0},{"tableDone":false,"isLast":false,"count":25,"tableIndex":0,"percentComplete":0,"currentRowIndex":0},{"currentRowIndex":0,"tableIndex":0,"tableDone":false,"isLast":false,"count":30,"percentComplete":0},{"isLast":false,"currentRowIndex":0,"tableIndex":0,"count":35,"percentComplete":0,"tableDone":false},{"tableIndex":0,"isLast":false,"count":40,"currentRowIndex":0,"percentComplete":0,"tableDone":false},{"currentRowIndex":0,"tableIndex":0,"percentComplete":0,"count":45,"isLast":false,"tableDone":false},{"tableDone":false,"tableIndex":0,"count":50,"currentRowIndex":0,"isLast":false,"percentComplete":0},{"count":55,"percentComplete":0,"currentRowIndex":0,"tableDone":false,"tableIndex":0,"isLast":false},{"count":60,"percentComplete":0,"tableIndex":0,"tableDone":false,"currentRowIndex":0,"isLast":false},{"tableDone":true,"isLast":false,"currentRowIndex":0,"percentComplete":0,"tableIndex":0,"count":64}],"snapshottableCheckpoints":{"25":{"modelURL":"file:\/\/\/Users\/kosobuma\/Library\/Caches\/com.apple.dt.createml\/projects\/52B8991B-C1BC-463B-900B-06B8C60505BE5a6216628bdbf4a969f332d757dbde18fccae515\/sessions\/checkpoint.sessions\/FFBF250D-755A-4523-BBD5-4892F3FF7E3C\/training-000000025.checkpoint.model\/checkpointModel.mlmodel","iteration":25,"createdDate":"2024-10-13T14:27:13Z"}},"resumableCheckpointURL":"Checkpoints\/FFBF250D-755A-4523-BBD5-4892F3FF7E3C.PetBreeds2.checkpoint","validationAccuracy":0.6666666666666666,"checkpointMetrics":{"25":{"metrics":{},"createdDate":"2024-10-13T14:27:13Z","iteration":25}},"validationResults":{"imageClassifier":{"statsByLabel":{"dog":{"count":3,"precisionRecall":{"success":{"recall":0.3333333333333333,"precision":1}}},"cat":{"precisionRecall":{"success":{"precision":0.4,"recall":0.6666666666666666}},"count":3},"hamster":{"count":3,"precisionRecall":{"success":{"precision":1,"recall":1}}},"snake":{"count":3,"precisionRecall":{"success":{"precision":0.6666666666666666,"recall":0.6666666666666666}}}},"accuracy":0.6666666666666666,"confusionMatrix":[{"expected":"cat","actual":"cat","count":2},{"expected":"snake","count":1,"actual":"cat"},{"expected":"cat","count":2,"actual":"dog"},{"expected":"dog","actual":"dog","count":1},{"actual":"hamster","count":3,"expected":"hamster"},{"expected":"cat","count":1,"actual":"snake"},{"expected":"snake","count":2,"actual":"snake"}]}},"trainingResults":{"imageClassifier":{"confusionMatrix":[{"count":29,"expected":"cat","actual":"cat"},{"count":29,"expected":"dog","actual":"dog"},{"count":29,"expected":"hamster","actual":"hamster"},{"expected":"snake","count":29,"actual":"snake"}],"statsByLabel":{"dog":{"count":29,"precisionRecall":{"success":{"precision":1,"recall":1}}},"cat":{"count":29,"precisionRecall":{"success":{"precision":1,"recall":1}}},"hamster":{"count":29,"precisionRecall":{"success":{"precision":1,"recall":1}}},"snake":{"count":29,"precisionRecall":{"success":{"precision":1,"recall":1}}}},"accuracy":1}},"trainingAccuracy":1,"startTime":"2024-10-13T14:27:10Z","dataSourceID":"F60DCFD2-E24B-4662-AE17-200EDF29CFC8","snapshottableCheckpointModelURL":"Checkpoints\/FFBF250D-755A-4523-BBD5-4892F3FF7E3C.PetBreeds2.checkpoint\/training-000000025.checkpoint.model\/checkpointModel.mlmodel","featureExtractionCheckpointMayBeAvailable":false,"resumableCheckpoint":{"createdDate":"2024-10-13T14:27:13Z","checkpointURL":"file:\/\/\/Users\/kosobuma\/Library\/Caches\/com.apple.dt.createml\/projects\/52B8991B-C1BC-463B-900B-06B8C60505BE5a6216628bdbf4a969f332d757dbde18fccae515\/sessions\/checkpoint.sessions\/FFBF250D-755A-4523-BBD5-4892F3FF7E3C\/training-000000025.checkpoint","iteration":25},"analysedDataType":"datasource"},"version":"1.0","modifiedDate":"2024-10-13T14:27:15Z","id":"FFBF250D-755A-4523-BBD5-4892F3FF7E3C","settingEntity":{"augmentations":["flip","addNoise","rotate","blur","crop","expose"],"handActionClassifierAugmentations":[],"styleTransferAlgorithmType":"image","taskType":"imageClassifier","transferLearningEmbeddingType":"dynamic","algorithmType":"maxEnt","iterationCount":25,"seedType":"default","handPoseClassifierAugmentations":[],"harVideoAugmentations":0,"featureExtractorType":"scenePrintV2","featureNames":[]},"createdDate":"2024-10-13T14:26:30Z","evaluationEntity":{"dataResult":{},"id":"cba930f1-9472-4ebc-b07a-8e6905496d6d","analysedDataType":"none"},"state":"trained","title":"PetBreeds 2","activityEntities":["trainingFinished",[{"title":"Training Completed","event":"trainingFinished","createdDate":"2024-10-13T14:27:13Z","id":"F180BB3B-3671-4C1D-A23F-FBF2EEEEA04A","subtitle":"Model converged at 13 iterations"}],"evaluationFinished",[{"id":"137A277A-EB66-4229-80A8-2EAFC56FD123","event":"evaluationFinished","title":"Testing Completed","subtitle":"PetBreeds 2","createdDate":"2024-10-13T14:27:15Z"}],"trainingStarted",[{"event":"trainingStarted","id":"491FEC95-12D8-4742-B7D2-77AF118A1D05","title":"Training Started","createdDate":"2024-10-13T14:27:10Z","subtitle":"25 iterations"}],"evaluationStarted",[{"event":"evaluationStarted","subtitle":"PetBreeds 2","createdDate":"2024-10-13T14:27:15Z","id":"4549DD24-128C-4ADE-9F4B-00C55AE0B0AF","title":"Testing Started"}],"experimentCreated",[{"title":"Model Source Created","subtitle":"PetBreeds 2","createdDate":"2024-10-13T14:26:30Z","id":"B813AE42-88D4-413B-A118-1C3DFAE6D40C","event":"experimentCreated"}],"trainingDataAdded",[{"title":"Training Data Added","event":"trainingDataAdded","subtitle":"Training","id":"053C7FC4-748C-43B0-BD7A-6F2AD3137951","createdDate":"2024-10-13T14:26:46Z"}]],"preferredFilename":"PetBreeds 2","validationEntity":{"dataResult":{"createdDate":"2024-10-13T14:26:30Z"},"analysedDataType":"auto"},"snapshotRole":{"withoutSnapshots":0},"contentDataResult":{"createdDate":"2024-10-13T14:26:30Z"},"evaluationContainerEntity":{"validationEvaluationEntity":{"id":"b5e39da0-9294-4631-80da-9f3f6e1a3a01","dataResult":{"createdDate":"2024-10-13T14:26:30Z"},"analysedDataType":"auto","evaluationResult":{"imageClassifier":{"confusionMatrix":[{"count":2,"actual":"cat","expected":"cat"},{"expected":"snake","count":1,"actual":"cat"},{"expected":"cat","actual":"dog","count":2},{"count":1,"expected":"dog","actual":"dog"},{"count":3,"actual":"hamster","expected":"hamster"},{"expected":"cat","count":1,"actual":"snake"},{"count":2,"expected":"snake","actual":"snake"}],"accuracy":0.6666666666666666,"statsByLabel":{"dog":{"count":3,"precisionRecall":{"success":{"precision":1,"recall":0.3333333333333333}}},"cat":{"count":3,"precisionRecall":{"success":{"precision":0.4,"recall":0.6666666666666666}}},"hamster":{"precisionRecall":{"success":{"precision":1,"recall":1}},"count":3},"snake":{"count":3,"precisionRecall":{"success":{"recall":0.6666666666666666,"precision":0.6666666666666666}}}}}},"createdDate":"2024-10-13T14:26:30Z"},"id":"0506e104-290f-45ea-821d-423c31cc2136","trainingEvaluationEntity":{"createdDate":"2024-10-13T14:26:30Z","analysedDataType":"none","evaluationResult":{"imageClassifier":{"confusionMatrix":[{"expected":"cat","count":29,"actual":"cat"},{"expected":"dog","count":29,"actual":"dog"},{"count":29,"actual":"hamster","expected":"hamster"},{"actual":"snake","expected":"snake","count":29}],"accuracy":1,"statsByLabel":{"cat":{"count":29,"precisionRecall":{"success":{"precision":1,"recall":1}}},"dog":{"precisionRecall":{"success":{"precision":1,"recall":1}},"count":29},"hamster":{"count":29,"precisionRecall":{"success":{"precision":1,"recall":1}}},"snake":{"precisionRecall":{"success":{"recall":1,"precision":1}},"count":29}}}},"dataResult":{"classesCount":4,"dataAnalysis":{"classifierAnalysis":{"details":["file:\/\/\/Users\/kosobuma\/Projects\/PetBreedData\/Training\/hamster\/hamster09.png",["hamster"],"file:\/\/\/Users\/kosobuma\/Projects\/PetBreedData\/Training\/dog\/dog20.jpg",["dog"],"file:\/\/\/Users\/kosobuma\/Projects\/PetBreedData\/Training\/snake\/snake25.jpg",["snake"],"file:\/\/\/Users\/kosobuma\/Projects\/PetBreedData\/Training\/snake\/snake05.png",["snake"],"file:\/\/\/Users\/kosobuma\/Projects\/PetBreedData\/Training\/dog\/dog02.jpg",["dog"],"file:\/\/\/Users\/kosobuma\/Projects\/PetBreedData\/Training\/dog\/dog25.jpg",["dog"],"file:\/\/\/Users\/kosobuma\/Projects\/PetBreedData\/Training\/dog\/dog04.jpg",["dog"],"file:\/\/\/Users\/kosobuma\/Projects\/PetBreedData\/Training\/snake\/snake17.jpg",["snake"],"file:\/\/\/Users\/kosobuma\/Projects\/PetBreedData\/Training\/cat\/cat01.jpg",["cat"],"file:\/\/\/Users\/kosobuma\/Projects\/PetBreedData\/Training\/snake\/snake12.jpg",["snake"],"file:\/\/\/Users\/kosobuma\/Projects\/PetBreedData\/Training\/snake\/snake08.jpg",["snake"],"file:\/\/\/Users\/kosobuma\/Projects\/PetBreedData\/Training\/cat\/cat11.jpg",["cat"],"file:\/\/\/Users\/kosobuma\/Projects\/PetBreedData\/Training\/snake\/snake01.jpg",["snake"],"file:\/\/\/Users\/kosobuma\/Projects\/PetBreedData\/Training\/dog\/dog01.jpg",["dog"],"file:\/\/\/Users\/kosobuma\/Projects\/PetBreedData\/Training\/snake\/snake24.jpg",["snake"],"file:\/\/\/Users\/kosobuma\/Projects\/PetBreedData\/Training\/dog\/dog21.jpg",["dog"],"file:\/\/\/Users\/kosobuma\/Projects\/PetBreedData\/Training\/hamster\/hamster02.jpg",["hamster"],"file:\/\/\/Users\/kosobuma\/Projects\/PetBreedData\/Training\/hamster\/hamster08.png",["hamster"],"file:\/\/\/Users\/kosobuma\/Projects\/PetBreedData\/Training\/cat\/cat21.jpg",["cat"],"file:\/\/\/Users\/kosobuma\/Projects\/PetBreedData\/Training\/snake\/snake06.jpg",["snake"],"file:\/\/\/Users\/kosobuma\/Projects\/PetBreedData\/Training\/hamster\/hamster03.jpg",["hamster"],"file:\/\/\/Users\/kosobuma\/Projects\/PetBreedData\/Training\/cat\/cat10.jpg",["cat"],"file:\/\/\/Users\/kosobuma\/Projects\/PetBreedData\/Training\/dog\/dog07.jpg",["dog"],"file:\/\/\/Users\/kosobuma\/Projects\/PetBreedData\/Training\/dog\/dog06.jpg",["dog"],"file:\/\/\/Users\/kosobuma\/Projects\/PetBreedData\/Training\/cat\/cat17.jpg",["cat"],"file:\/\/\/Users\/kosobuma\/Projects\/PetBreedData\/Training\/cat\/cat23.jpg",["cat"],"file:\/\/\/Users\/kosobuma\/Projects\/PetBreedData\/Training\/snake\/snake11.jpg",["snake"],"file:\/\/\/Users\/kosobuma\/Projects\/PetBreedData\/Training\/dog\/dog18.jpg",["dog"],"file:\/\/\/Users\/kosobuma\/Projects\/PetBreedData\/Training\/dog\/dog05.jpg",["dog"],"file:\/\/\/Users\/kosobuma\/Projects\/PetBreedData\/Training\/cat\/cat02.jpg",["cat"],"file:\/\/\/Users\/kosobuma\/Projects\/PetBreedData\/Training\/snake\/snake07.jpg",["snake"],"file:\/\/\/Users\/kosobuma\/Projects\/PetBreedData\/Training\/hamster\/hamster14.jpg",["hamster"],"file:\/\/\/Users\/kosobuma\/Projects\/PetBreedData\/Training\/dog\/dog19.jpg",["dog"],"file:\/\/\/Users\/kosobuma\/Projects\/PetBreedData\/Training\/hamster\/hamster12.jpg",["hamster"],"file:\/\/\/Users\/kosobuma\/Projects\/PetBreedData\/Training\/cat\/cat20.jpg",["cat"],"file:\/\/\/Users\/kosobuma\/Projects\/PetBreedData\/Training\/cat\/cat24.jpg",["cat"],"file:\/\/\/Users\/kosobuma\/Projects\/PetBreedData\/Training\/hamster\/hamster01.jpg",["hamster"],"file:\/\/\/Users\/kosobuma\/Projects\/PetBreedData\/Training\/cat\/cat13-lego.jpg",["cat"],"file:\/\/\/Users\/kosobuma\/Projects\/PetBreedData\/Training\/snake\/snake16.jpg",["snake"],"file:\/\/\/Users\/kosobuma\/Projects\/PetBreedData\/Training\/hamster\/hamster16.jpg",["hamster"],"file:\/\/\/Users\/kosobuma\/Projects\/PetBreedData\/Training\/snake\/snake13.jpg",["snake"],"file:\/\/\/Users\/kosobuma\/Projects\/PetBreedData\/Training\/hamster\/hamster04.jpg",["hamster"],"file:\/\/\/Users\/kosobuma\/Projects\/PetBreedData\/Training\/cat\/cat15.jpg",["cat"],"file:\/\/\/Users\/kosobuma\/Projects\/PetBreedData\/Training\/snake\/snake10.jpg",["snake"],"file:\/\/\/Users\/kosobuma\/Projects\/PetBreedData\/Training\/hamster\/hamster07.jpg",["hamster"],"file:\/\/\/Users\/kosobuma\/Projects\/PetBreedData\/Training\/cat\/cat18.jpg",["cat"],"file:\/\/\/Users\/kosobuma\/Projects\/PetBreedData\/Training\/snake\/snake03.jpg",["snake"],"file:\/\/\/Users\/kosobuma\/Projects\/PetBreedData\/Training\/dog\/dog09.jpg",["dog"],"file:\/\/\/Users\/kosobuma\/Projects\/PetBreedData\/Training\/dog\/dog22.jpg",["dog"],"file:\/\/\/Users\/kosobuma\/Projects\/PetBreedData\/Training\/hamster\/hamster13.jpg",["hamster"],"file:\/\/\/Users\/kosobuma\/Projects\/PetBreedData\/Training\/snake\/snake04.jpg",["snake"],"file:\/\/\/Users\/kosobuma\/Projects\/PetBreedData\/Training\/cat\/cat12.jpg",["cat"],"file:\/\/\/Users\/kosobuma\/Projects\/PetBreedData\/Training\/cat\/cat22.jpg",["cat"],"file:\/\/\/Users\/kosobuma\/Projects\/PetBreedData\/Training\/hamster\/hamster15.jpg",["hamster"],"file:\/\/\/Users\/kosobuma\/Projects\/PetBreedData\/Training\/cat\/cat04.jpg",["cat"],"file:\/\/\/Users\/kosobuma\/Projects\/PetBreedData\/Training\/dog\/dog10.png",["dog"],"file:\/\/\/Users\/kosobuma\/Projects\/PetBreedData\/Training\/cat\/cat06.jpg",["cat"],"file:\/\/\/Users\/kosobuma\/Projects\/PetBreedData\/Training\/hamster\/hamster05.jpg",["hamster"],"file:\/\/\/Users\/kosobuma\/Projects\/PetBreedData\/Training\/snake\/snake02.jpg",["snake"],"file:\/\/\/Users\/kosobuma\/Projects\/PetBreedData\/Training\/dog\/dog03.jpg",["dog"],"file:\/\/\/Users\/kosobuma\/Projects\/PetBreedData\/Training\/hamster\/hamster11.jpg",["hamster"],"file:\/\/\/Users\/kosobuma\/Projects\/PetBreedData\/Training\/dog\/dog08.jpg",["dog"],"file:\/\/\/Users\/kosobuma\/Projects\/PetBreedData\/Training\/hamster\/hamster10.jpg",["hamster"],"file:\/\/\/Users\/kosobuma\/Projects\/PetBreedData\/Training\/hamster\/hamster06.jpg",["hamster"]],"labelStats":{"snake":16,"hamster":16,"cat":16,"dog":16}},"summary":{"classCount":4,"sampleCount":64,"canUseValidation":1},"objectDetectorAnalysis":{"details":{}},"issues":[{"severity":"debug","description":"4 classes found, including snake, hamster, cat"},{"severity":"good","description":"64 images found, automatically creating validation set"},{"severity":"debug","description":"Smallest class is \"dog\" with 16 images"},{"description":"Largest class is \"snake\" with 16 images","severity":"debug"}]},"createdDate":"2024-10-13T14:26:30Z","dataURL":"file:\/\/\/Users\/kosobuma\/Projects\/PetBreedData\/Training\/","itemsCount":64,"dataSourceID":"F60DCFD2-E24B-4662-AE17-200EDF29CFC8"},"dataSourceID":"F60DCFD2-E24B-4662-AE17-200EDF29CFC8","id":"10a705d9-a20e-4ab7-b07e-33d7efda4390"},"createdDate":"2024-10-13T14:27:15Z","previewType":"imageClassifier","testingEvaluationEntity":{"finishTime":"2024-10-13T14:27:15Z","accuracy":1,"id":"4746609c-a265-4899-9456-202abf74940b","dataSourceID":"26E93E36-7709-4445-B898-AB5FEF1721C2","analysedDataType":"datasource","dataResult":{"itemsCount":24,"dataSourceID":"26E93E36-7709-4445-B898-AB5FEF1721C2","dataAnalysis":{"classifierAnalysis":{"labelStats":{"snake":6,"hamster":6,"cat":6,"dog":6},"details":["file:\/\/\/Users\/kosobuma\/Projects\/PetBreedData\/Testing\/cat\/cat05.jpg",["cat"],"file:\/\/\/Users\/kosobuma\/Projects\/PetBreedData\/Testing\/snake\/snake20.jpg",["snake"],"file:\/\/\/Users\/kosobuma\/Projects\/PetBreedData\/Testing\/dog\/dog16.jpg",["dog"],"file:\/\/\/Users\/kosobuma\/Projects\/PetBreedData\/Testing\/cat\/cat19.jpg",["cat"],"file:\/\/\/Users\/kosobuma\/Projects\/PetBreedData\/Testing\/dog\/dog17.jpg",["dog"],"file:\/\/\/Users\/kosobuma\/Projects\/PetBreedData\/Testing\/dog\/dog14.jpg",["dog"],"file:\/\/\/Users\/kosobuma\/Projects\/PetBreedData\/Testing\/cat\/cat07.jpg",["cat"],"file:\/\/\/Users\/kosobuma\/Projects\/PetBreedData\/Testing\/snake\/snake23.jpg",["snake"],"file:\/\/\/Users\/kosobuma\/Projects\/PetBreedData\/Testing\/hamster\/hamster20.jpg",["hamster"],"file:\/\/\/Users\/kosobuma\/Projects\/PetBreedData\/Testing\/dog\/dog11.jpg",["dog"],"file:\/\/\/Users\/kosobuma\/Projects\/PetBreedData\/Testing\/cat\/cat25.jpg",["cat"],"file:\/\/\/Users\/kosobuma\/Projects\/PetBreedData\/Testing\/hamster\/hamster19.jpg",["hamster"],"file:\/\/\/Users\/kosobuma\/Projects\/PetBreedData\/Testing\/hamster\/hamster22.jpg",["hamster"],"file:\/\/\/Users\/kosobuma\/Projects\/PetBreedData\/Testing\/hamster\/hamster21.jpg",["hamster"],"file:\/\/\/Users\/kosobuma\/Projects\/PetBreedData\/Testing\/snake\/snake22.jpg",["snake"],"file:\/\/\/Users\/kosobuma\/Projects\/PetBreedData\/Testing\/snake\/snake21.jpg",["snake"],"file:\/\/\/Users\/kosobuma\/Projects\/PetBreedData\/Testing\/cat\/cat16.jpg",["cat"],"file:\/\/\/Users\/kosobuma\/Projects\/PetBreedData\/Testing\/hamster\/hamster17.jpg",["hamster"],"file:\/\/\/Users\/kosobuma\/Projects\/PetBreedData\/Testing\/snake\/snake19.jpg",["snake"],"file:\/\/\/Users\/kosobuma\/Projects\/PetBreedData\/Testing\/dog\/dog13.jpg",["dog"],"file:\/\/\/Users\/kosobuma\/Projects\/PetBreedData\/Testing\/hamster\/hamster18.jpg",["hamster"],"file:\/\/\/Users\/kosobuma\/Projects\/PetBreedData\/Testing\/snake\/snake18.jpg",["snake"],"file:\/\/\/Users\/kosobuma\/Projects\/PetBreedData\/Testing\/dog\/dog12.jpg",["dog"],"file:\/\/\/Users\/kosobuma\/Projects\/PetBreedData\/Testing\/cat\/cat14.jpg",["cat"]]},"objectDetectorAnalysis":{"details":{}},"issues":[{"description":"4 classes found, including dog, hamster, snake","severity":"debug"},{"description":"Less than 50 total images found - add more to improve model validation","severity":"warning"},{"description":"Smallest class is \"cat\" with 6 images","severity":"debug"},{"severity":"debug","description":"Largest class is \"dog\" with 6 images"}],"summary":{"sampleCount":24,"canUseValidation":0,"classCount":4}},"classesCount":4,"dataURL":"file:\/\/\/Users\/kosobuma\/Projects\/PetBreedData\/Testing\/","createdDate":"2024-10-13T14:26:30Z"},"createdDate":"2024-10-13T14:26:30Z","startTime":"2024-10-13T14:27:15Z","evaluationResult":{"imageClassifier":{"confusionMatrix":[{"expected":"cat","count":6,"actual":"cat"},{"count":6,"actual":"dog","expected":"dog"},{"count":6,"expected":"hamster","actual":"hamster"},{"count":6,"expected":"snake","actual":"snake"}],"statsByLabel":{"snake":{"precisionRecall":{"success":{"recall":1,"precision":1}},"count":6},"cat":{"count":6,"precisionRecall":{"success":{"precision":1,"recall":1}}},"hamster":{"precisionRecall":{"success":{"precision":1,"recall":1}},"count":6},"dog":{"count":6,"precisionRecall":{"success":{"precision":1,"recall":1}}}},"detail":{"predictions":{"hamster":[{"falsePositive":{}},[],{"falseNegative":{}},[],{"truePositive":{}},[{"actual":"hamster","predicted":"hamster","predictions":{"dog":6.646675e-12,"cat":1.0411787e-05,"hamster":0.99998957,"snake":2.2318846e-14},"url":"file:\/\/\/Users\/kosobuma\/Projects\/PetBreedData\/Testing\/hamster\/hamster17.jpg"},{"predicted":"hamster","predictions":{"cat":8.0131595e-06,"snake":2.000159e-13,"dog":1.1047128e-09,"hamster":0.999992},"url":"file:\/\/\/Users\/kosobuma\/Projects\/PetBreedData\/Testing\/hamster\/hamster19.jpg","actual":"hamster"},{"url":"file:\/\/\/Users\/kosobuma\/Projects\/PetBreedData\/Testing\/hamster\/hamster18.jpg","actual":"hamster","predictions":{"dog":2.4736956e-11,"cat":3.6073752e-07,"snake":2.866268e-15,"hamster":0.99999964},"predicted":"hamster"},{"actual":"hamster","predicted":"hamster","url":"file:\/\/\/Users\/kosobuma\/Projects\/PetBreedData\/Testing\/hamster\/hamster20.jpg","predictions":{"cat":4.3442896e-07,"hamster":0.9999996,"snake":1.0421425e-16,"dog":2.100312e-09}},{"actual":"hamster","predicted":"hamster","predictions":{"dog":2.8856048e-14,"snake":2.326113e-14,"cat":2.764872e-06,"hamster":0.99999726},"url":"file:\/\/\/Users\/kosobuma\/Projects\/PetBreedData\/Testing\/hamster\/hamster21.jpg"},{"url":"file:\/\/\/Users\/kosobuma\/Projects\/PetBreedData\/Testing\/hamster\/hamster22.jpg","actual":"hamster","predicted":"hamster","predictions":{"dog":2.544833e-09,"cat":0.00027285598,"hamster":0.99972713,"snake":1.2230938e-12}}]],"cat":[{"truePositive":{}},[{"predictions":{"hamster":4.222051e-08,"snake":6.2791994e-11,"cat":0.99999994,"dog":2.8705863e-10},"actual":"cat","predicted":"cat","url":"file:\/\/\/Users\/kosobuma\/Projects\/PetBreedData\/Testing\/cat\/cat16.jpg"},{"predicted":"cat","actual":"cat","url":"file:\/\/\/Users\/kosobuma\/Projects\/PetBreedData\/Testing\/cat\/cat14.jpg","predictions":{"hamster":1.6587826e-07,"snake":8.730526e-10,"dog":5.9822863e-10,"cat":0.9999998}},{"actual":"cat","predicted":"cat","predictions":{"hamster":8.7306944e-07,"dog":6.580781e-08,"cat":0.99999905,"snake":1.0901379e-09},"url":"file:\/\/\/Users\/kosobuma\/Projects\/PetBreedData\/Testing\/cat\/cat05.jpg"},{"actual":"cat","predicted":"cat","predictions":{"dog":1.5427621e-09,"snake":1.9625804e-11,"hamster":5.5242246e-09,"cat":1},"url":"file:\/\/\/Users\/kosobuma\/Projects\/PetBreedData\/Testing\/cat\/cat07.jpg"},{"actual":"cat","predicted":"cat","predictions":{"hamster":2.660735e-07,"dog":5.9496736e-09,"cat":0.9999997,"snake":2.093163e-10},"url":"file:\/\/\/Users\/kosobuma\/Projects\/PetBreedData\/Testing\/cat\/cat25.jpg"},{"actual":"cat","predictions":{"cat":0.9999999,"hamster":9.217475e-08,"dog":1.4192841e-09,"snake":2.7351978e-08},"predicted":"cat","url":"file:\/\/\/Users\/kosobuma\/Projects\/PetBreedData\/Testing\/cat\/cat19.jpg"}],{"falsePositive":{}},[],{"falseNegative":{}},[]],"dog":[{"falseNegative":{}},[],{"truePositive":{}},[{"predictions":{"cat":1.6508796e-08,"hamster":6.352104e-11,"snake":1.4066104e-16,"dog":1},"predicted":"dog","actual":"dog","url":"file:\/\/\/Users\/kosobuma\/Projects\/PetBreedData\/Testing\/dog\/dog11.jpg"},{"url":"file:\/\/\/Users\/kosobuma\/Projects\/PetBreedData\/Testing\/dog\/dog13.jpg","actual":"dog","predictions":{"snake":8.545638e-16,"cat":2.2987058e-06,"hamster":1.4638638e-07,"dog":0.99999756},"predicted":"dog"},{"url":"file:\/\/\/Users\/kosobuma\/Projects\/PetBreedData\/Testing\/dog\/dog12.jpg","predicted":"dog","predictions":{"dog":0.99999964,"cat":3.3840058e-07,"snake":3.90668e-18,"hamster":4.9269573e-12},"actual":"dog"},{"predictions":{"hamster":9.580485e-15,"dog":1,"snake":4.6119445e-20,"cat":1.3392268e-09},"url":"file:\/\/\/Users\/kosobuma\/Projects\/PetBreedData\/Testing\/dog\/dog16.jpg","predicted":"dog","actual":"dog"},{"actual":"dog","predictions":{"dog":1,"snake":2.6297689e-20,"cat":3.9828793e-11,"hamster":2.255194e-19},"predicted":"dog","url":"file:\/\/\/Users\/kosobuma\/Projects\/PetBreedData\/Testing\/dog\/dog17.jpg"},{"url":"file:\/\/\/Users\/kosobuma\/Projects\/PetBreedData\/Testing\/dog\/dog14.jpg","actual":"dog","predicted":"dog","predictions":{"cat":0.008910284,"hamster":1.5110139e-08,"dog":0.9910897,"snake":3.0942957e-10}}],{"falsePositive":{}},[]],"snake":[{"truePositive":{}},[{"actual":"snake","predicted":"snake","predictions":{"dog":4.2459542e-13,"snake":0.9999987,"hamster":9.011307e-12,"cat":1.3260681e-06},"url":"file:\/\/\/Users\/kosobuma\/Projects\/PetBreedData\/Testing\/snake\/snake18.jpg"},{"actual":"snake","predictions":{"hamster":4.292403e-18,"dog":3.6132622e-18,"cat":1.1736846e-11,"snake":1},"url":"file:\/\/\/Users\/kosobuma\/Projects\/PetBreedData\/Testing\/snake\/snake19.jpg","predicted":"snake"},{"predicted":"snake","predictions":{"hamster":3.518976e-12,"snake":0.99999994,"dog":3.399298e-14,"cat":8.617879e-08},"url":"file:\/\/\/Users\/kosobuma\/Projects\/PetBreedData\/Testing\/snake\/snake21.jpg","actual":"snake"},{"predictions":{"dog":2.2972845e-13,"hamster":1.2619364e-11,"cat":5.6161766e-06,"snake":0.9999944},"url":"file:\/\/\/Users\/kosobuma\/Projects\/PetBreedData\/Testing\/snake\/snake20.jpg","predicted":"snake","actual":"snake"},{"predictions":{"snake":1,"dog":8.723229e-18,"cat":5.0778484e-09,"hamster":7.309303e-16},"actual":"snake","url":"file:\/\/\/Users\/kosobuma\/Projects\/PetBreedData\/Testing\/snake\/snake22.jpg","predicted":"snake"},{"predicted":"snake","actual":"snake","url":"file:\/\/\/Users\/kosobuma\/Projects\/PetBreedData\/Testing\/snake\/snake23.jpg","predictions":{"snake":0.9999993,"hamster":1.4113523e-12,"cat":7.332429e-07,"dog":4.8598644e-14}}],{"falseNegative":{}},[],{"falsePositive":{}},[]]}},"accuracy":1}}},"evaluationEntities":[],"modifiedDate":"2024-10-13T14:27:15Z"},"modelEntity":{"title":"","id":"4940AFAB-16A4-4F1C-B9C3-7B823BBFF7F6","modelURL":"Models\/PetBreeds%202.mlmodel","version":"1.0","preferredFilename":"","createdDate":"2024-10-13T14:26:30Z","experimentID":"FFBF250D-755A-4523-BBD5-4892F3FF7E3C","modifiedDate":"2024-10-13T14:26:30Z"}}